pos,test_idx,db_id_gold,db_id_used,broker_pick,broker_correct,re_picked,retries,exec_success,difficulty,model_used,retrieval_used,masked_sql,real_sql
0,0,soccer_3,soccer_3,,,False,1,True,,llama3.1-8b,lexical,SELECT COUNT(IDENTIFIER_PRIMARY_1) FROM T1,SELECT COUNT(Club_ID) FROM club
1,1,soccer_3,soccer_3,,,False,1,True,,llama3.1-8b,lexical,SELECT COUNT(*) FROM T1 WHERE DESCRIPTIVE_ATTRIBUTE_2 LIKE '%club%',SELECT COUNT(*) FROM club WHERE Name LIKE '%club%'
2,2,soccer_3,soccer_3,,,False,1,True,,llama3.1-8b,lexical,SELECT DESCRIPTIVE_ATTRIBUTE_2 FROM T1 ORDER BY DESCRIPTIVE_ATTRIBUTE_2 ASC,SELECT Name FROM club ORDER BY Name ASC
3,3,soccer_3,soccer_3,,,False,1,True,,llama3.1-8b,lexical,SELECT DESCRIPTIVE_ATTRIBUTE_2 FROM T1 ORDER BY DESCRIPTIVE_ATTRIBUTE_2 ASC,SELECT Name FROM club ORDER BY Name ASC
4,6,soccer_3,soccer_3,,,False,1,True,,llama3.1-8b,lexical,SELECT DESCRIPTIVE_ATTRIBUTE_2 FROM T1 WHERE TEXT_FIELD_3 != 'Nike',SELECT Name FROM club WHERE Manager != 'Nike'
5,7,soccer_3,soccer_3,,,False,1,True,,llama3.1-8b,lexical,SELECT DESCRIPTIVE_ATTRIBUTE_8 FROM T2 WHERE DESCRIPTIVE_ATTRIBUTE_9 != 'Nike',SELECT Name FROM player WHERE Country != 'Nike'
6,8,soccer_3,soccer_3,,,False,1,True,,llama3.1-8b,lexical,"SELECT T1.DESCRIPTIVE_ATTRIBUTE_2, SUM(T2.NUMERIC_FIELD_10) FROM T1 INNER JOIN T2 ON T1.IDENTIFIER_PRIMARY_1 = T2.IDENTIFIER_REFERENCE_13 GROUP BY T1.DESCRIPTIVE_ATTRIBUTE_2 ORDER BY SUM(T2.NUMERIC_FIELD_10) ASC","SELECT club.Name, SUM(player.Earnings) FROM club INNER JOIN player ON club.Club_ID = player.Club_ID GROUP BY club.Name ORDER BY SUM(player.Earnings) ASC"
7,9,soccer_3,soccer_3,,,False,3,False,,llama3.1-8b,lexical,"SELECT T1.DESCRIPITIVE_ATTRIBUTE_2, COUNT(T2.MEASUREMENT_VALUE_11) AS wins FROM T1 JOIN T2 ON T1.IDENTIFIER_PRIMARY_1 = T2.IDENTIFIER_REFERENCE_13 GROUP BY T1.DESCRIPITIVE_ATTRIBUTE_2 ORDER BY COUNT(T2.MEASUREMENT_VALUE_11) ASC","SELECT club.DESCRIPITIVE_ATTRIBUTE_2, COUNT(player.Events_number) AS wins FROM club JOIN player ON club.Club_ID = player.Club_ID GROUP BY club.DESCRIPITIVE_ATTRIBUTE_2 ORDER BY COUNT(player.Events_number) ASC"
8,12,soccer_3,soccer_3,,,False,3,False,,llama3.1-8b,lexical,SELECT DISTINCT T2.DESCRIPITIVE_ATTRIBUTE_9 FROM T1 JOIN T2 ON T1.IDENTIFIER_PRIMARY_1 = T2.IDENTIFIER_REFERENCE_13 WHERE T1.TEXT_FIELD_3 > 1200000,SELECT DISTINCT player.DESCRIPITIVE_ATTRIBUTE_9 FROM club JOIN player ON club.Club_ID = player.Club_ID WHERE club.Manager > 1200000
9,13,soccer_3,soccer_3,,,False,3,False,,llama3.1-8b,lexical,SELECT T1.DESCRIPITIVE_ATTRIBUTE_2 FROM T1 JOIN T2 ON T1.IDENTIFIER_PRIMARY_1 = T2.IDENTIFIER_REFERENCE_13 WHERE T2.MEASUREMENT_VALUE_11 > 1200000,SELECT club.DESCRIPITIVE_ATTRIBUTE_2 FROM club JOIN player ON club.Club_ID = player.Club_ID WHERE player.Events_number > 1200000
10,28,soccer_3,soccer_3,,,False,3,False,,llama3.1-8b,lexical,SELECT T1.DESCRIPITIVE_ATTRIBUTE_2 FROM T1 JOIN T2 ON T1.IDENTIFIER_PRIMARY_1 = T2.IDENTIFIER_REFERENCE_13 GROUP BY T1.DESCRIPITIVE_ATTRIBUTE_2 HAVING COUNT(T1.IDENTIFIER_PRIMARY_1) > 1,SELECT club.DESCRIPITIVE_ATTRIBUTE_2 FROM club JOIN player ON club.Club_ID = player.Club_ID GROUP BY club.DESCRIPITIVE_ATTRIBUTE_2 HAVING COUNT(club.Club_ID) > 1
11,29,soccer_3,soccer_3,,,False,3,False,,llama3.1-8b,lexical,SELECT T1.DESCRIPITIVE_ATTRIBUTE_2 FROM T1 JOIN T2 ON T1.IDENTIFIER_PRIMARY_1 = T2.IDENTIFIER_REFERENCE_13 GROUP BY T1.DESCRIPITIVE_ATTRIBUTE_2 HAVING COUNT(T2.IDENTIFIER_REFERENCE_13) > 1,SELECT club.DESCRIPITIVE_ATTRIBUTE_2 FROM club JOIN player ON club.Club_ID = player.Club_ID GROUP BY club.DESCRIPITIVE_ATTRIBUTE_2 HAVING COUNT(player.Club_ID) > 1
12,30,soccer_3,soccer_3,,,False,1,True,,llama3.1-8b,lexical,SELECT DESCRIPTIVE_ATTRIBUTE_8 FROM T2 GROUP BY DESCRIPTIVE_ATTRIBUTE_8 HAVING COUNT(IDENTIFIER_PRIMARY_7) > 1,SELECT Name FROM player GROUP BY Name HAVING COUNT(Player_ID) > 1
13,31,soccer_3,soccer_3,,,False,1,True,,llama3.1-8b,lexical,SELECT DESCRIPTIVE_ATTRIBUTE_8 FROM T2 GROUP BY DESCRIPTIVE_ATTRIBUTE_8 HAVING COUNT(IDENTIFIER_PRIMARY_7) > 1,SELECT Name FROM player GROUP BY Name HAVING COUNT(Player_ID) > 1
14,36,soccer_3,soccer_3,,,False,1,True,,llama3.1-8b,lexical,SELECT COUNT(DISTINCT DESCRIPTIVE_ATTRIBUTE_2) FROM T1,SELECT COUNT(DISTINCT Name) FROM club
15,37,soccer_3,soccer_3,,,False,1,True,,llama3.1-8b,lexical,SELECT COUNT(DISTINCT DESCRIPTIVE_ATTRIBUTE_8) FROM T2,SELECT COUNT(DISTINCT Name) FROM player
16,78,e_commerce,e_commerce,,,False,1,True,,llama3.1-8b,lexical,SELECT COUNT(DISTINCT T1.IDENTIFIER_PRIMARY_1) FROM T1 JOIN T2 ON T1.IDENTIFIER_PRIMARY_1 = T2.IDENTIFIER_REFERENCE_8,SELECT COUNT(DISTINCT Customers.customer_id) FROM Customers JOIN Orders ON Customers.customer_id = Orders.customer_id
17,79,e_commerce,e_commerce,,,False,1,True,,llama3.1-8b,lexical,SELECT COUNT(DISTINCT DESCRIPTIVE_ATTRIBUTE_2) FROM T1,SELECT COUNT(DISTINCT gender_code) FROM Customers
18,80,e_commerce,e_commerce,,,False,1,True,,llama3.1-8b,lexical,SELECT COUNT(T3.IDENTIFIER_PRIMARY_9) FROM T2 JOIN T4 ON T2.IDENTIFIER_PRIMARY_5 = T4.IDENTIFIER_REFERENCE_15 JOIN T3 ON T3.IDENTIFIER_PRIMARY_9 = T4.IDENTIFIER_PRIMARY_14,SELECT COUNT(Shipments.shipment_id) FROM Order_Items JOIN Shipment_Items ON Order_Items.order_item_id = Shipment_Items.order_item_id JOIN Shipments ON Shipments.shipment_id = Shipment_Items.shipment_id
19,81,e_commerce,e_commerce,,,False,3,False,,llama3.1-8b,lexical,SELECT COUNT(DISTINCT T1.DESCRIPITIVE_ATTRIBUTE_3) AS distinct_status_codes FROM T1 INNER JOIN T2 ON T1.IDENTIFIER_PRIMARY_1 = T2.IDENTIFIER_REFERENCE_7,SELECT COUNT(DISTINCT Orders.DESCRIPITIVE_ATTRIBUTE_3) AS distinct_status_codes FROM Orders INNER JOIN Order_Items ON Orders.order_id = Order_Items.order_id
20,82,e_commerce,e_commerce,,,False,1,True,,llama3.1-8b,lexical,SELECT COUNT(DISTINCT IDENTIFIER_REFERENCE_1) FROM T1,SELECT COUNT(DISTINCT customer_id) FROM Customer_Payment_Methods
21,83,e_commerce,e_commerce,,,False,1,True,,llama3.1-8b,lexical,SELECT COUNT(DISTINCT TEXT_FIELD_8) FROM T2,SELECT COUNT(DISTINCT payment_method_code) FROM Customer_Payment_Methods
22,100,e_commerce,e_commerce,,,False,3,False,,llama3.1-8b,lexical,SELECT COUNT(*) FROM T2 JOIN T1 ON T2.IDENTIFIER_REFERENCE_7 = T1.IDENTIFIER_PRIMARY_1 JOIN T3 ON T1.IDENTIFIER_PRIMARY_1 = T3.IDENTIFIER_REFERENCE_10 JOIN T4 ON T3.IDENTIFIER_PRIMARY_9 = T4.IDENTIFIER_PRIMARY_14 JOIN T2 AS T2_2 ON T4.IDENTIFIER_REFERENCE_15 = T2_2.IDENTIFIER_PRIMARY_5 WHERE T2.DESRIPTIVE_ATTRIBUTE_8 = 'shipped',SELECT COUNT(*) FROM Order_Items JOIN Orders ON Order_Items.order_id = Orders.order_id JOIN Shipments ON Orders.order_id = Shipments.order_id JOIN Shipment_Items ON Shipments.shipment_id = Shipment_Items.shipment_id JOIN Order_Items AS T2_2 ON Shipment_Items.order_item_id = T2_2.order_item_id WHERE Order_Items.DESRIPTIVE_ATTRIBUTE_8 = 'shipped'
23,101,e_commerce,e_commerce,,,False,1,True,,llama3.1-8b,lexical,SELECT COUNT(*) FROM T2 WHERE MEASUREMENT_VALUE_10 IS NOT NULL,SELECT COUNT(*) FROM Shipments WHERE shipment_tracking_number IS NOT NULL
24,102,e_commerce,e_commerce,,,False,1,True,,llama3.1-8b,lexical,SELECT AVG(CURRENCY_AMOUNT_4) FROM T1,SELECT AVG(product_price) FROM Products
25,103,e_commerce,e_commerce,,,False,1,True,,llama3.1-8b,lexical,SELECT AVG(CURRENCY_AMOUNT_4) FROM T1,SELECT AVG(product_price) FROM Products
26,104,e_commerce,e_commerce,,,False,1,True,,llama3.1-8b,lexical,SELECT AVG(CURRENCY_AMOUNT_4) FROM T1,SELECT AVG(product_price) FROM Products
27,105,e_commerce,e_commerce,,,False,1,True,,llama3.1-8b,lexical,SELECT AVG(CURRENCY_AMOUNT_4) FROM T1,SELECT AVG(product_price) FROM Products
28,123,bbc_channels,bbc_channels,,,False,1,True,,llama3.1-8b,lexical,SELECT COUNT(DISTINCT DESCRIPTIVE_ATTRIBUTE_2) FROM T1,SELECT COUNT(DISTINCT Name) FROM channel
29,124,bbc_channels,bbc_channels,,,False,1,True,,llama3.1-8b,lexical,"SELECT T1.DESCRIPTIVE_ATTRIBUTE_2, T3.CHRONOLOGICAL_MARKER_10 FROM T3 JOIN T1 ON T3.IDENTIFIER_REFERENCE_13 = T1.IDENTIFIER_PRIMARY_1 ORDER BY T3.CHRONOLOGICAL_MARKER_10 DESC","SELECT channel.Name, program.Start_Year FROM program JOIN channel ON program.Channel_ID = channel.Channel_ID ORDER BY program.Start_Year DESC"
30,133,bbc_channels,bbc_channels,,,False,3,False,,llama3.1-8b,lexical,SELECT T1.DESCRIPITIVE_ATTRIBUTE_2 FROM T1 JOIN T3 ON T1.IDENTIFIER_PRIMARY_1 = T3.IDENTIFIER_REFERENCE_13 JOIN T2 ON T3.IDENTIFIER_REFERENCE_12 = T2.IDENTIFIER_PRIMARY_6 WHERE T2.MEASUREMENT_VALUE_8 BETWEEN 30 AND 60,SELECT channel.DESCRIPITIVE_ATTRIBUTE_2 FROM channel JOIN program ON channel.Channel_ID = program.Channel_ID JOIN director ON program.Director_ID = director.Director_ID WHERE director.Age BETWEEN 30 AND 60
31,136,tv_shows,tv_shows,,,False,1,True,,llama3.1-8b,lexical,SELECT COUNT(*) FROM T2 WHERE DESCRIPTIVE_ATTRIBUTE_9 = 'radio',SELECT COUNT(*) FROM city_channel_radio WHERE Is_online = 'radio'
32,137,tv_shows,tv_shows,,,False,3,False,,llama3.1-8b,lexical,SELECT T2.DESCRIPTIVE_ATTRIBUTE_9 FROM T2 WHERE IDENTIFIER_REFERENCE_8 IN (SELECT IDENTIFIER_PRIMARY_1 FROM T1 WHERE TEXT_FIELD_2 = 'transmitter' OR TEXT_FIELD_3 = 'transmitter' OR TEXT_FIELD_4 = 'transmitter' OR TEXT_FIELD_5 = 'transmitter' OR TEXT_FIELD_6 = 'transmitter') ORDER BY T2.DESCRIPTIVE_ATTRIBUTE_9 ASC,SELECT city_channel_radio.Is_online FROM city_channel_radio WHERE Radio_ID IN (SELECT Radio_ID FROM radio WHERE Transmitter = 'transmitter' OR Radio_MHz = 'transmitter' OR 2FM_MHz = 'transmitter' OR RnaG_MHz = 'transmitter' OR ERP_kW = 'transmitter') ORDER BY city_channel_radio.Is_online ASC
33,139,tv_shows,tv_shows,,,False,3,False,,llama3.1-8b,lexical,SELECT T1.DESCRIPITIVE_ATTRIBUTE_2 FROM T1 JOIN T2 ON T1.IDENTIFIER_PRIMARY_1 = T2.IDENTIFIER_PRIMARY_6 JOIN T3 ON T1.IDENTIFIER_PRIMARY_1 = T3.IDENTIFIER_PRIMARY_9 WHERE T3.DESCRIPATIVE_ATTRIBUTE_11 != 'ABC',SELECT city_channel.DESCRIPITIVE_ATTRIBUTE_2 FROM city_channel JOIN city_channel_radio ON city_channel.ID = city_channel_radio.City_channel_ID JOIN city_channel_tv_show ON city_channel.ID = city_channel_tv_show.City_channel_ID WHERE city_channel_tv_show.DESCRIPATIVE_ATTRIBUTE_11 != 'ABC'
34,142,tv_shows,tv_shows,,,False,1,True,,llama3.1-8b,lexical,SELECT AVG(DESCRIPTIVE_ATTRIBUTE_9) FROM T2,SELECT AVG(Is_online) FROM city_channel_radio
35,145,tv_shows,tv_shows,,,False,1,True,,llama3.1-8b,lexical,"SELECT DESCRIPTIVE_ATTRIBUTE_8, COUNT(*) as count FROM T2 GROUP BY DESCRIPTIVE_ATTRIBUTE_8 HAVING COUNT(*) > 3 ORDER BY count DESC","SELECT Is_online, COUNT(*) as count FROM city_channel_radio GROUP BY Is_online HAVING COUNT(*) > 3 ORDER BY count DESC"
36,153,vehicle_driver,vehicle_driver,,,False,1,True,,llama3.1-8b,lexical,SELECT T2.DESCRIPTIVE_ATTRIBUTE_9 FROM T2 JOIN T3 ON T2.IDENTIFIER_PRIMARY_8 = T3.IDENTIFIER_PRIMARY_12 WHERE T2.TEXT_FIELD_10 = 'United States',SELECT driver.Name FROM driver JOIN vehicle_driver ON driver.Driver_ID = vehicle_driver.Driver_ID WHERE driver.Citizenship = 'United States'
37,154,vehicle_driver,vehicle_driver,,,False,3,False,,llama3.1-8b,lexical,SELECT T2.TEXT_FIELD_10 FROM T2 JOIN T3 ON T2.IDENTIFIER_PRIMARY_8 = T3.IDENTIFIER_PRIMARY_12 JOIN T1 ON T3.IDENTIFIER_REFERENCE_13 = T1.IDENTIFIER_PRIMARY_1 WHERE T1.TEXT_FIELD_2 = 'driver' AND T2.DESCRIPITIVE_ATTRIBUTE_9 = 'citizenship from the United States',SELECT driver.Citizenship FROM driver JOIN vehicle_driver ON driver.Driver_ID = vehicle_driver.Driver_ID JOIN vehicle ON vehicle_driver.Vehicle_ID = vehicle.Vehicle_ID WHERE vehicle.Model = 'driver' AND driver.DESCRIPITIVE_ATTRIBUTE_9 = 'citizenship from the United States'
38,167,vehicle_driver,vehicle_driver,,,False,1,True,,llama3.1-8b,lexical,SELECT COUNT(T2.IDENTIFIER_PRIMARY_8) FROM T2 WHERE TEXT_FIELD_10 = 'NASCAR',SELECT COUNT(driver.Driver_ID) FROM driver WHERE Citizenship = 'NASCAR'
39,168,vehicle_driver,vehicle_driver,,,False,1,True,,llama3.1-8b,lexical,SELECT COUNT(T2.IDENTIFIER_PRIMARY_8) FROM T3 JOIN T1 ON T3.IDENTIFIER_REFERENCE_13 = T1.IDENTIFIER_PRIMARY_1 JOIN T2 ON T3.IDENTIFIER_PRIMARY_12 = T2.IDENTIFIER_PRIMARY_8 WHERE T1.MEASUREMENT_VALUE_7 = 'NASCAR',SELECT COUNT(driver.Driver_ID) FROM vehicle_driver JOIN vehicle ON vehicle_driver.Vehicle_ID = vehicle.Vehicle_ID JOIN driver ON vehicle_driver.Driver_ID = driver.Driver_ID WHERE vehicle.Total_Production = 'NASCAR'
40,169,vehicle_driver,vehicle_driver,,,False,1,True,,llama3.1-8b,lexical,"SELECT AVG(CAST(REPLACE(SUBSTR(MEASUREMENT_VALUE_7, INSTR(MEASUREMENT_VALUE_7, ' ') + 1), ',', '') AS REAL)) FROM T1","SELECT AVG(CAST(REPLACE(SUBSTR(Total_Production, INSTR(Total_Production, ' ') + 1), ',', '') AS REAL)) FROM vehicle"
41,170,vehicle_driver,vehicle_driver,,,False,1,True,,llama3.1-8b,lexical,SELECT AVG(NUMERIC_FIELD_4) FROM T1,SELECT AVG(Top_Speed) FROM vehicle
42,185,vehicle_driver,vehicle_driver,,,False,1,True,,llama3.1-8b,lexical,SELECT DESCRIPTIVE_ATTRIBUTE_9 FROM T2 ORDER BY DESCRIPTIVE_ATTRIBUTE_9 ASC,SELECT Name FROM driver ORDER BY Name ASC
43,186,vehicle_driver,vehicle_driver,,,False,1,True,,llama3.1-8b,lexical,SELECT DESCRIPTIVE_ATTRIBUTE_9 FROM T2 WHERE DESCRIPTIVE_ATTRIBUTE_9 LIKE '%driver%' ORDER BY DESCRIPTIVE_ATTRIBUTE_9 ASC,SELECT Name FROM driver WHERE Name LIKE '%driver%' ORDER BY Name ASC
44,193,online_exams,online_exams,,,False,1,True,,llama3.1-8b,lexical,SELECT COUNT(*) FROM T2,SELECT COUNT(*) FROM Questions_in_Exams
45,194,online_exams,online_exams,,,False,1,True,,llama3.1-8b,lexical,SELECT COUNT(*) FROM T2,SELECT COUNT(*) FROM Questions_in_Exams
46,195,online_exams,online_exams,,,False,1,True,,llama3.1-8b,lexical,SELECT DISTINCT T1.TEXT_FIELD_2 FROM T1 ORDER BY T1.TEXT_FIELD_2 ASC,SELECT DISTINCT Exams.Subject_Code FROM Exams ORDER BY Exams.Subject_Code ASC
47,196,online_exams,online_exams,,,False,1,True,,llama3.1-8b,lexical,SELECT DISTINCT T1.TEXT_FIELD_2 FROM T1 ORDER BY T1.TEXT_FIELD_2 ASC,SELECT DISTINCT Exams.Subject_Code FROM Exams ORDER BY Exams.Subject_Code ASC
48,203,online_exams,online_exams,,,False,1,True,,llama3.1-8b,lexical,SELECT DISTINCT T3.TEXT_FIELD_12 FROM T3 JOIN T1 ON T3.IDENTIFIER_REFERENCE_11 = T1.IDENTIFIER_PRIMARY_1 JOIN T2 ON T1.IDENTIFIER_REFERENCE_2 = T2.IDENTIFIER_PRIMARY_4 WHERE T2.TEXT_FIELD_8 = 'Normal',SELECT DISTINCT Student_Assessments.Student_Answer_Text FROM Student_Assessments JOIN Valid_Answers ON Student_Assessments.Valid_Answer_ID = Valid_Answers.Valid_Answer_ID JOIN Student_Answers ON Valid_Answers.Question_ID = Student_Answers.Student_Answer_ID WHERE Student_Answers.Comments = 'Normal'
49,204,online_exams,online_exams,,,False,1,True,,llama3.1-8b,lexical,SELECT DISTINCT T3.TEXT_FIELD_12 FROM T3 JOIN T2 ON T3.IDENTIFIER_REFERENCE_11 = T2.IDENTIFIER_PRIMARY_4 WHERE T2.TEXT_FIELD_8 = 'Normal',SELECT DISTINCT Student_Assessments.Student_Answer_Text FROM Student_Assessments JOIN Student_Answers ON Student_Assessments.Valid_Answer_ID = Student_Answers.Student_Answer_ID WHERE Student_Answers.Comments = 'Normal'
50,205,online_exams,online_exams,,,False,1,True,,llama3.1-8b,lexical,SELECT COUNT(DISTINCT TEXT_FIELD_11) FROM T2,SELECT COUNT(DISTINCT Comments) FROM Student_Answers
51,206,online_exams,online_exams,,,False,1,True,,llama3.1-8b,lexical,SELECT COUNT(DISTINCT TEXT_FIELD_11) FROM T2,SELECT COUNT(DISTINCT Comments) FROM Student_Answers
52,219,online_exams,online_exams,,,False,1,True,,llama3.1-8b,lexical,SELECT DESCRIPTIVE_ATTRIBUTE_2 FROM T1,SELECT First_Name FROM Students
53,220,online_exams,online_exams,,,False,3,False,,llama3.1-8b,lexical,SELECT T3.TEXT_FIELD_15 FROM T2 JOIN T3 ON T2.IDENTIFIER_REFERENCE_14 = T3.IDENTIFIER_PRIMARY_13 WHERE T2.DESCRIPTIVE_ATTRIBUTE_2 != 'M',SELECT Student_Assessments.Student_Answer_Text FROM Student_Answers JOIN Student_Assessments ON Student_Answers.Valid_Answer_ID = Student_Assessments.Student_Answer_ID WHERE Student_Answers.First_Name != 'M'
54,229,online_exams,online_exams,,,False,3,False,,llama3.1-8b,lexical,"SELECT T2.DESCRIPTIVE_ATTRIBUTE_2, COUNT(T2.IDENTIFIER_PRIMARY_4) FROM T2 GROUP BY T2.DESCRIPTIVE_ATTRIBUTE_2 HAVING COUNT(T2.IDENTIFIER_PRIMARY_4) >= 3","SELECT Questions_in_Exams.Type_of_Question_Code, COUNT(Questions_in_Exams.Exam_ID) FROM Questions_in_Exams GROUP BY Questions_in_Exams.Type_of_Question_Code HAVING COUNT(Questions_in_Exams.Exam_ID) >= 3"
55,230,online_exams,online_exams,,,False,1,True,,llama3.1-8b,lexical,SELECT IDENTIFIER_REFERENCE_5 FROM T2 GROUP BY IDENTIFIER_REFERENCE_5 HAVING COUNT(IDENTIFIER_REFERENCE_5) >= 3,SELECT Question_ID FROM Questions_in_Exams GROUP BY Question_ID HAVING COUNT(Question_ID) >= 3
56,231,online_exams,online_exams,,,False,1,True,,llama3.1-8b,lexical,"SELECT T1.DESCRIPTIVE_ATTRIBUTE_2, T1.DESCRIPTIVE_ATTRIBUTE_3, T1.DESCRIPTIVE_ATTRIBUTE_4, T1.DESCRIPTIVE_ATTRIBUTE_5, T1.DESCRIPTIVE_ATTRIBUTE_6, T2.TEXT_FIELD_12 FROM T1 JOIN T2 ON T2.IDENTIFIER_REFERENCE_10 = T1.IDENTIFIER_PRIMARY_1","SELECT Students.First_Name, Students.Middle_Name, Students.Last_Name, Students.Gender_MFU, Students.Student_Address, Student_Answers.Student_Answer_Text FROM Students JOIN Student_Answers ON Student_Answers.Student_ID = Students.Student_ID"
57,232,online_exams,online_exams,,,False,1,True,,llama3.1-8b,lexical,"SELECT T2.IDENTIFIER_REFERENCE_8, T2.IDENTIFIER_REFERENCE_9, T2.IDENTIFIER_REFERENCE_10, T2.CHRONOLOGICAL_MARKER_11, T2.TEXT_FIELD_12, T1.DESCRIPTIVE_ATTRIBUTE_2, T1.DESCRIPTIVE_ATTRIBUTE_3, T1.DESCRIPTIVE_ATTRIBUTE_4, T1.DESCRIPTIVE_ATTRIBUTE_5, T1.DESCRIPTIVE_ATTRIBUTE_6 FROM T2 JOIN T1 ON T2.IDENTIFIER_REFERENCE_10 = T1.IDENTIFIER_PRIMARY_1","SELECT Student_Answers.Exam_ID, Student_Answers.Question_ID, Student_Answers.Student_ID, Student_Answers.Date_of_Answer, Student_Answers.Student_Answer_Text, Students.First_Name, Students.Middle_Name, Students.Last_Name, Students.Gender_MFU, Students.Student_Address FROM Student_Answers JOIN Students ON Student_Answers.Student_ID = Students.Student_ID"
58,233,customers_and_orders,customers_and_orders,,,False,1,True,,llama3.1-8b,lexical,SELECT COUNT(*) FROM T2,SELECT COUNT(*) FROM Customers
59,234,customers_and_orders,customers_and_orders,,,False,1,True,,llama3.1-8b,lexical,SELECT COUNT(TEXT_FIELD_5) FROM T2,SELECT COUNT(payment_method_code) FROM Customers
60,237,customers_and_orders,customers_and_orders,,,False,1,True,,llama3.1-8b,lexical,SELECT COUNT(IDENTIFIER_PRIMARY_1) FROM T1,SELECT COUNT(product_id) FROM Products
61,238,customers_and_orders,customers_and_orders,,,False,1,True,,llama3.1-8b,lexical,SELECT COUNT(*) FROM T1,SELECT COUNT(*) FROM Products
62,241,customers_and_orders,customers_and_orders,,,False,1,True,,llama3.1-8b,lexical,SELECT CURRENCY_AMOUNT_4 FROM T1 WHERE DESCRIPTIVE_ATTRIBUTE_2 = 'Monitor',SELECT product_price FROM Products WHERE product_type_code = 'Monitor'
63,242,customers_and_orders,customers_and_orders,,,False,1,True,,llama3.1-8b,lexical,SELECT CURRENCY_AMOUNT_4 FROM T1 WHERE DESCRIPTIVE_ATTRIBUTE_2 = 'Monitor',SELECT product_price FROM Products WHERE product_type_code = 'Monitor'
64,245,customers_and_orders,customers_and_orders,,,False,1,True,,llama3.1-8b,lexical,SELECT AVG(T1.CURRENCY_AMOUNT_4) FROM T1 WHERE T1.DESCRIPTIVE_ATTRIBUTE_2 = 'Clothes',SELECT AVG(Products.product_price) FROM Products WHERE Products.product_type_code = 'Clothes'
65,246,customers_and_orders,customers_and_orders,,,False,1,True,,llama3.1-8b,lexical,SELECT AVG(CURRENCY_AMOUNT_4) FROM T1 WHERE DESCRIPTIVE_ATTRIBUTE_3 = 'Clothes',SELECT AVG(product_price) FROM Products WHERE product_name = 'Clothes'
66,247,customers_and_orders,customers_and_orders,,,False,1,True,,llama3.1-8b,lexical,SELECT COUNT(*) FROM T1 WHERE DESCRIPTIVE_ATTRIBUTE_2 LIKE '%hardware type%',SELECT COUNT(*) FROM Products WHERE product_type_code LIKE '%hardware type%'
67,248,customers_and_orders,customers_and_orders,,,False,1,True,,llama3.1-8b,lexical,SELECT COUNT(*) FROM T1 WHERE DESCRIPTIVE_ATTRIBUTE_2 = 'Hardware',SELECT COUNT(*) FROM Products WHERE product_type_code = 'Hardware'
68,257,customers_and_orders,customers_and_orders,,,False,3,False,,llama3.1-8b,lexical,"SELECT T1.DESCRIPITIVE_ATTRIBUTE_2, T3.MEASUREMENT_VALUE_12, T1.CURRENCY_AMOUNT_4 FROM T1 JOIN T3 ON T1.IDENTIFIER_PRIMARY_1 = T3.IDENTIFIER_REFERENCE_11 ORDER BY T1.CURRENCY_AMOUNT_4 DESC","SELECT Products.DESCRIPITIVE_ATTRIBUTE_2, Order_Items.order_quantity, Products.product_price FROM Products JOIN Order_Items ON Products.product_id = Order_Items.product_id ORDER BY Products.product_price DESC"
69,258,customers_and_orders,customers_and_orders,,,False,1,True,,llama3.1-8b,lexical,SELECT DESCRIPTIVE_ATTRIBUTE_2 FROM T1 ORDER BY CURRENCY_AMOUNT_4 DESC,SELECT product_type_code FROM Products ORDER BY product_price DESC
70,265,customers_and_orders,customers_and_orders,,,False,1,True,,llama3.1-8b,lexical,SELECT IDENTIFIER_PRIMARY_1 FROM T1 GROUP BY IDENTIFIER_PRIMARY_1 HAVING COUNT(IDENTIFIER_PRIMARY_1) >= 2,SELECT product_id FROM Products GROUP BY product_id HAVING COUNT(product_id) >= 2
71,266,customers_and_orders,customers_and_orders,,,False,1,True,,llama3.1-8b,lexical,SELECT IDENTIFIER_PRIMARY_1 FROM T1 GROUP BY IDENTIFIER_PRIMARY_1 HAVING COUNT(IDENTIFIER_PRIMARY_1) >= 2,SELECT product_id FROM Products GROUP BY product_id HAVING COUNT(product_id) >= 2
72,269,customers_and_orders,customers_and_orders,,,False,1,True,,llama3.1-8b,lexical,SELECT COUNT(IDENTIFIER_PRIMARY_1) FROM T1,SELECT COUNT(customer_id) FROM Customers
73,270,customers_and_orders,customers_and_orders,,,False,1,True,,llama3.1-8b,lexical,SELECT COUNT(IDENTIFIER_PRIMARY_1) FROM T1,SELECT COUNT(customer_id) FROM Customers
74,283,customers_and_orders,customers_and_orders,,,False,1,True,,llama3.1-8b,lexical,SELECT DISTINCT TEXT_FIELD_2 FROM T1,SELECT DISTINCT payment_method_code FROM Customers
75,284,customers_and_orders,customers_and_orders,,,False,1,True,,llama3.1-8b,lexical,SELECT DISTINCT TEXT_FIELD_2 FROM T1,SELECT DISTINCT payment_method_code FROM Customers
76,289,customers_and_orders,customers_and_orders,,,False,1,True,,llama3.1-8b,lexical,SELECT COUNT(*) FROM T2 INNER JOIN T1 ON T2.IDENTIFIER_REFERENCE_8 = T1.IDENTIFIER_PRIMARY_1,SELECT COUNT(*) FROM Customer_Orders INNER JOIN Customers ON Customer_Orders.customer_id = Customers.customer_id
77,290,customers_and_orders,customers_and_orders,,,False,1,True,,llama3.1-8b,lexical,SELECT COUNT(*) FROM T2,SELECT COUNT(*) FROM Customer_Orders
78,309,customers_and_orders,customers_and_orders,,,False,1,True,,llama3.1-8b,lexical,SELECT COUNT(DISTINCT T1.IDENTIFIER_PRIMARY_1) FROM T1 JOIN T2 ON T1.IDENTIFIER_PRIMARY_1 = T2.IDENTIFIER_REFERENCE_8,SELECT COUNT(DISTINCT Customers.customer_id) FROM Customers JOIN Customer_Orders ON Customers.customer_id = Customer_Orders.customer_id
79,310,customers_and_orders,customers_and_orders,,,False,1,True,,llama3.1-8b,lexical,SELECT COUNT(DISTINCT T1.IDENTIFIER_PRIMARY_1) FROM T1,SELECT COUNT(DISTINCT Customers.customer_id) FROM Customers
80,4,soccer_3,soccer_3,,,False,1,True,,llama3.1-8b,lexical,"SELECT T1.DESCRIPTIVE_ATTRIBUTE_2, T2.DESCRIPTIVE_ATTRIBUTE_8, T2.DESCRIPTIVE_ATTRIBUTE_9 FROM T1 JOIN T2 ON T1.IDENTIFIER_PRIMARY_1 = T2.IDENTIFIER_REFERENCE_13 WHERE T2.DESCRIPTIVE_ATTRIBUTE_8 = 'Manager' OR T2.DESCRIPTIVE_ATTRIBUTE_9 = 'Captain'","SELECT club.Name, player.Name, player.Country FROM club JOIN player ON club.Club_ID = player.Club_ID WHERE player.Name = 'Manager' OR player.Country = 'Captain'"
81,5,soccer_3,soccer_3,,,False,1,True,,llama3.1-8b,lexical,"SELECT DESCRIPTIVE_ATTRIBUTE_2 FROM T1 WHERE DESCRIPTIVE_ATTRIBUTE_2 IN ('Manager', 'Captain')","SELECT Name FROM club WHERE Name IN ('Manager', 'Captain')"
82,10,soccer_3,soccer_3,,,False,3,False,,llama3.1-8b,lexical,"SELECT T1.DESCRIPITIVE_ATTRIBUTE_2, SUM(T2.MEASUREMENT_VALUE_12) AS total_earnings FROM T1 JOIN T2 ON T1.IDENTIFIER_PRIMARY_1 = T2.IDENTIFIER_REFERENCE_13 GROUP BY T1.DESCRIPITIVE_ATTRIBUTE_2 ORDER BY total_earnings DESC","SELECT club.DESCRIPITIVE_ATTRIBUTE_2, SUM(player.Wins_count) AS total_earnings FROM club JOIN player ON club.Club_ID = player.Club_ID GROUP BY club.DESCRIPITIVE_ATTRIBUTE_2 ORDER BY total_earnings DESC"
83,11,soccer_3,soccer_3,,,False,3,False,,llama3.1-8b,lexical,SELECT T1.DESCRIPITIVE_ATTRIBUTE_2 FROM T1 JOIN T2 ON T1.IDENTIFIER_PRIMARY_1 = T2.IDENTIFIER_REFERENCE_13 ORDER BY T2.NUMERIC_FIELD_10 DESC LIMIT 1,SELECT club.DESCRIPITIVE_ATTRIBUTE_2 FROM club JOIN player ON club.Club_ID = player.Club_ID ORDER BY player.Earnings DESC LIMIT 1
84,16,soccer_3,soccer_3,,,False,3,False,,llama3.1-8b,lexical,"SELECT T2.DESCRIBITIVE_ATTRIBUTE_8, T1.DESCRIBITIVE_ATTRIBUTE_2 FROM T2 INNER JOIN T1 ON T2.IDENTIFIER_REFERENCE_13 = T1.IDENTIFIER_PRIMARY_1","SELECT player.DESCRIBITIVE_ATTRIBUTE_8, club.DESCRIBITIVE_ATTRIBUTE_2 FROM player INNER JOIN club ON player.Club_ID = club.Club_ID"
85,17,soccer_3,soccer_3,,,False,1,True,,llama3.1-8b,lexical,"SELECT T2.DESCRIPTIVE_ATTRIBUTE_8, T2.DESCRIPTIVE_ATTRIBUTE_9, T1.DESCRIPTIVE_ATTRIBUTE_2 FROM T2 JOIN T1 ON T2.IDENTIFIER_REFERENCE_13 = T1.IDENTIFIER_PRIMARY_1","SELECT player.Name, player.Country, club.Name FROM player JOIN club ON player.Club_ID = club.Club_ID"
86,18,soccer_3,soccer_3,,,False,1,True,,llama3.1-8b,lexical,SELECT DESCRIPTIVE_ATTRIBUTE_8 FROM T2 GROUP BY DESCRIPTIVE_ATTRIBUTE_8 HAVING COUNT(NUMERIC_FIELD_10) > 2,SELECT Name FROM player GROUP BY Name HAVING COUNT(Earnings) > 2
87,19,soccer_3,soccer_3,,,False,1,True,,llama3.1-8b,lexical,SELECT T1.DESCRIPTIVE_ATTRIBUTE_2 FROM T1 JOIN T2 ON T1.IDENTIFIER_PRIMARY_1 = T2.IDENTIFIER_REFERENCE_13 GROUP BY T1.DESCRIPTIVE_ATTRIBUTE_2 HAVING COUNT(T2.MEASUREMENT_VALUE_11) > 2,SELECT club.Name FROM club JOIN player ON club.Club_ID = player.Club_ID GROUP BY club.Name HAVING COUNT(player.Events_number) > 2
88,20,soccer_3,soccer_3,,,False,1,True,,llama3.1-8b,lexical,SELECT T1.DESCRIPTIVE_ATTRIBUTE_2 FROM T1 WHERE T1.DESCRIPTIVE_ATTRIBUTE_2 IN (SELECT T2.DESCRIPTIVE_ATTRIBUTE_8 FROM T2 WHERE T2.DESCRIPTIVE_ATTRIBUTE_9 = 'Sam Allardyce'),SELECT club.Name FROM club WHERE club.Name IN (SELECT player.Name FROM player WHERE player.Country = 'Sam Allardyce')
89,21,soccer_3,ERR,,,False,0,False,,,,,"ERR: RateLimitError('Error code: 429 - {\'message\': ""We\'re experiencing high traffic right now! Please try again soon."", \'type\': \'too_many_requests_error\', \'param\': \'queue\', \'code\': \'queue_exceeded\'}')"
90,24,soccer_3,soccer_3,,,False,3,False,,llama3.1-8b,lexical,"SELECT T1.DESCRIPITIVE_ATTRIBUTE_2, COUNT(T2.IDENTIFIER_PRIMARY_7) FROM T1 JOIN T2 ON T1.IDENTIFIER_PRIMARY_1 = T2.IDENTIFIER_REFERENCE_13 GROUP BY T1.DESCRIPITIVE_ATTRIBUTE_2","SELECT club.DESCRIPITIVE_ATTRIBUTE_2, COUNT(player.Player_ID) FROM club JOIN player ON club.Club_ID = player.Club_ID GROUP BY club.DESCRIPITIVE_ATTRIBUTE_2"
91,25,soccer_3,soccer_3,,,False,3,False,,llama3.1-8b,lexical,"SELECT T2.DESRIPTIVE_ATTRIBUTE_8, COUNT(T2.DESRIPTIVE_ATTRIBUTE_8) AS COUNT FROM T2 GROUP BY T2.DESRIPTIVE_ATTRIBUTE_8","SELECT player.DESRIPTIVE_ATTRIBUTE_8, COUNT(player.DESRIPTIVE_ATTRIBUTE_8) AS COUNT FROM player GROUP BY player.DESRIPTIVE_ATTRIBUTE_8"
92,38,soccer_3,soccer_3,,,False,3,False,,llama3.1-8b,lexical,"SELECT T1.IDENTIFIER_PRIMARY_1, SUM(T2.NUMERIC_FIELD_10) FROM T1 JOIN T2 ON T1.IDENTIFIER_PRIMARY_1 = T2.IDENTIFIER_REFERENCE_13 WHERE T1.DESCRIPITIVE_ATTRIBUTE_2 IN ('Australia', 'Zimbabwe') GROUP BY T1.IDENTIFIER_PRIMARY_1","SELECT club.Club_ID, SUM(player.Earnings) FROM club JOIN player ON club.Club_ID = player.Club_ID WHERE club.DESCRIPITIVE_ATTRIBUTE_2 IN ('Australia', 'Zimbabwe') GROUP BY club.Club_ID"
93,39,soccer_3,ERR,,,False,0,False,,,,,"ERR: RateLimitError('Error code: 429 - {\'message\': ""We\'re experiencing high traffic right now! Please try again soon."", \'type\': \'too_many_requests_error\', \'param\': \'queue\', \'code\': \'queue_exceeded\'}')"
94,42,e_commerce,ERR,,,False,0,False,,,,,"ERR: RateLimitError('Error code: 429 - {\'message\': ""We\'re experiencing high traffic right now! Please try again soon."", \'type\': \'too_many_requests_error\', \'param\': \'queue\', \'code\': \'queue_exceeded\'}')"
95,43,e_commerce,e_commerce,,,False,3,False,,llama3.1-8b,lexical,"SELECT T2.IDENTIFIER_PRIMARY_7 AS order_id, COUNT(T3.IDENTIFIER_PRIMARY_11) AS num_products, T2.DESCRIBATIVE_ATTRIBUTE_9 AS order_status FROM T2 LEFT JOIN T3 ON T3.IDENTIFIER_REFERENCE_13 = T2.IDENTIFIER_PRIMARY_7 GROUP BY T2.IDENTIFIER_PRIMARY_7","SELECT Orders.order_id AS order_id, COUNT(Order_Items.order_item_id) AS num_products, Orders.DESCRIBATIVE_ATTRIBUTE_9 AS order_status FROM Orders LEFT JOIN Order_Items ON Order_Items.order_id = Orders.order_id GROUP BY Orders.order_id"
96,50,e_commerce,e_commerce,,,False,1,True,,llama3.1-8b,lexical,"SELECT T1.IDENTIFIER_PRIMARY_1, T2.CHRONOLOGICAL_MARKER_10 FROM T1 JOIN T3 ON T1.IDENTIFIER_PRIMARY_1 = T3.IDENTIFIER_REFERENCE_12 JOIN T2 ON T3.IDENTIFIER_REFERENCE_13 = T2.IDENTIFIER_PRIMARY_7 GROUP BY T1.IDENTIFIER_PRIMARY_1, T2.CHRONOLOGICAL_MARKER_10 HAVING COUNT(T3.DESCRIPTIVE_ATTRIBUTE_14) >= 2","SELECT Products.product_id, Orders.date_order_placed FROM Products JOIN Order_Items ON Products.product_id = Order_Items.product_id JOIN Orders ON Order_Items.order_id = Orders.order_id GROUP BY Products.product_id, Orders.date_order_placed HAVING COUNT(Order_Items.order_item_status_code) >= 2"
97,51,e_commerce,e_commerce,,,False,1,True,,llama3.1-8b,lexical,"SELECT T2.IDENTIFIER_PRIMARY_7, T2.CHRONOLOGICAL_MARKER_10 FROM T3 JOIN T2 ON T3.IDENTIFIER_REFERENCE_13 = T2.IDENTIFIER_PRIMARY_7 JOIN T1 ON T3.IDENTIFIER_REFERENCE_12 = T1.IDENTIFIER_PRIMARY_1 GROUP BY T2.IDENTIFIER_PRIMARY_7, T2.CHRONOLOGICAL_MARKER_10 HAVING COUNT(T3.DESCRIPTIVE_ATTRIBUTE_14) >= 2","SELECT Orders.order_id, Orders.date_order_placed FROM Order_Items JOIN Orders ON Order_Items.order_id = Orders.order_id JOIN Products ON Order_Items.product_id = Products.product_id GROUP BY Orders.order_id, Orders.date_order_placed HAVING COUNT(Order_Items.order_item_status_code) >= 2"
98,60,e_commerce,e_commerce,,,False,3,False,,llama3.1-8b,lexical,"SELECT T1.DESCRIPITIVE_ATTRIBUTE_2, COUNT(T3.IDENTIFIER_PRIMARY_11) AS orders_count FROM T1 JOIN T2 ON T1.IDENTIFIER_PRIMARY_1 = T2.IDENTIFIER_REFERENCE_8 JOIN T3 ON T2.IDENTIFIER_PRIMARY_7 = T3.IDENTIFIER_REFERENCE_13 GROUP BY T1.DESCRIPITIVE_ATTRIBUTE_2","SELECT Customers.DESCRIPITIVE_ATTRIBUTE_2, COUNT(Order_Items.order_item_id) AS orders_count FROM Customers JOIN Orders ON Customers.customer_id = Orders.customer_id JOIN Order_Items ON Orders.order_id = Order_Items.order_id GROUP BY Customers.DESCRIPITIVE_ATTRIBUTE_2"
99,61,e_commerce,e_commerce,,,False,3,False,,llama3.1-8b,lexical,"SELECT T1.DESCRIPITIVE_ATTRIBUTE_3, COUNT(T2.IDENTIFIER_PRIMARY_5) FROM T1 JOIN T2 ON T1.IDENTIFIER_PRIMARY_1 = T2.IDENTIFIER_REFERENCE_7 GROUP BY T1.DESCRIPITIVE_ATTRIBUTE_3","SELECT Orders.DESCRIPITIVE_ATTRIBUTE_3, COUNT(Order_Items.order_item_id) FROM Orders JOIN Order_Items ON Orders.order_id = Order_Items.order_id GROUP BY Orders.DESCRIPITIVE_ATTRIBUTE_3"
100,62,e_commerce,e_commerce,,,False,1,True,,llama3.1-8b,lexical,"SELECT T1.DESCRIPTIVE_ATTRIBUTE_2 AS first_name, T1.DESCRIPTIVE_ATTRIBUTE_3 AS middle_initial, T1.DESCRIPTIVE_ATTRIBUTE_5 AS last_name, T2.TEXT_FIELD_8 AS payment_methods FROM T1 INNER JOIN T2 ON T1.IDENTIFIER_PRIMARY_1 = T2.IDENTIFIER_REFERENCE_7","SELECT Customers.gender_code AS first_name, Customers.customer_first_name AS middle_initial, Customers.customer_last_name AS last_name, Customer_Payment_Methods.payment_method_code AS payment_methods FROM Customers INNER JOIN Customer_Payment_Methods ON Customers.customer_id = Customer_Payment_Methods.customer_id"
101,63,e_commerce,e_commerce,,,False,1,True,,llama3.1-8b,lexical,"SELECT T1.DESCRIPTIVE_ATTRIBUTE_2 AS first_name, T1.DESCRIPTIVE_ATTRIBUTE_3 AS middle_initial, T1.DESCRIPTIVE_ATTRIBUTE_6 AS last_name, T2.TEXT_FIELD_8 AS payment_method FROM T1 LEFT JOIN T2 ON T1.IDENTIFIER_PRIMARY_1 = T2.IDENTIFIER_REFERENCE_7","SELECT Customers.gender_code AS first_name, Customers.customer_first_name AS middle_initial, Customers.login_name AS last_name, Customer_Payment_Methods.payment_method_code AS payment_method FROM Customers LEFT JOIN Customer_Payment_Methods ON Customers.customer_id = Customer_Payment_Methods.customer_id"
102,64,e_commerce,e_commerce,,,False,3,False,,llama3.1-8b,lexical,"SELECT T2.DESCRIPITIVE_ATTRIBUTE_6, T2.CHRONOLOGICAL_MARKER_7, T4.MEASUREMENT_VALUE_15, T4.CHRONOLOGICAL_MARKER_16 FROM T2 JOIN T4 ON T4.IDENTIFIER_REFERENCE_13 = T2.IDENTIFIER_PRIMARY_4 JOIN T1 ON T1.IDENTIFIER_PRIMARY_1 = T4.IDENTIFIER_REFERENCE_14","SELECT Orders.DESCRIPITIVE_ATTRIBUTE_6, Orders.date_order_placed, Shipments.shipment_tracking_number, Shipments.shipment_date FROM Orders JOIN Shipments ON Shipments.order_id = Orders.order_id JOIN Invoices ON Invoices.invoice_number = Shipments.invoice_number"
103,65,e_commerce,e_commerce,,,False,1,True,,llama3.1-8b,lexical,"SELECT T2.IDENTIFIER_PRIMARY_4 AS invoice_id, T2.MEASUREMENT_VALUE_7 AS status, T2.CHRONOLOGICAL_MARKER_8 AS date, T2.CHRONOLOGICAL_MARKER_8 AS shipment_date FROM T2 LEFT JOIN T3 ON T2.IDENTIFIER_PRIMARY_4 = T3.IDENTIFIER_PRIMARY_9 ORDER BY T2.IDENTIFIER_PRIMARY_4","SELECT Shipments.shipment_id AS invoice_id, Shipments.shipment_tracking_number AS status, Shipments.shipment_date AS date, Shipments.shipment_date AS shipment_date FROM Shipments LEFT JOIN Shipment_Items ON Shipments.shipment_id = Shipment_Items.shipment_id ORDER BY Shipments.shipment_id"
104,68,e_commerce,e_commerce,,,False,1,True,,llama3.1-8b,lexical,"SELECT T2.DESCRIPTIVE_ATTRIBUTE_8, T2.IDENTIFIER_REFERENCE_6, T3.MEASUREMENT_VALUE_12, T3.CHRONOLOGICAL_MARKER_13 FROM T2 JOIN T1 ON T2.IDENTIFIER_REFERENCE_7 = T1.IDENTIFIER_PRIMARY_1 JOIN T3 ON T1.IDENTIFIER_PRIMARY_1 = T3.IDENTIFIER_REFERENCE_10 ORDER BY T2.IDENTIFIER_PRIMARY_5","SELECT Order_Items.order_item_status_code, Order_Items.product_id, Shipments.shipment_tracking_number, Shipments.shipment_date FROM Order_Items JOIN Orders ON Order_Items.order_id = Orders.order_id JOIN Shipments ON Orders.order_id = Shipments.order_id ORDER BY Order_Items.order_item_id"
105,69,e_commerce,e_commerce,,,False,3,False,,llama3.1-8b,lexical,"SELECT T1.IDENTIFIER_PRIMARY_1, T2.DESCRIBITIVE_ATTRIBUTE_8, T3.MEASUREMENT_VALUE_12 FROM T1 INNER JOIN T2 ON T1.IDENTIFIER_PRIMARY_1 = T2.IDENTIFIER_REFERENCE_7 INNER JOIN T3 ON T1.IDENTIFIER_PRIMARY_1 = T3.IDENTIFIER_REFERENCE_10","SELECT Orders.order_id, Order_Items.DESCRIBITIVE_ATTRIBUTE_8, Shipments.shipment_tracking_number FROM Orders INNER JOIN Order_Items ON Orders.order_id = Order_Items.order_id INNER JOIN Shipments ON Orders.order_id = Shipments.order_id"
106,84,e_commerce,e_commerce,,,False,1,True,,llama3.1-8b,lexical,SELECT TEXT_FIELD_5 FROM T1 WHERE DESCRIPTIVE_ATTRIBUTE_2 LIKE '+12%' OR DESCRIPTIVE_ATTRIBUTE_3 LIKE '+12%',SELECT login_password FROM Customers WHERE customer_first_name LIKE '+12%' OR customer_last_name LIKE '+12%'
107,85,e_commerce,e_commerce,,,False,1,True,,llama3.1-8b,lexical,"SELECT DESCRIPTIVE_ATTRIBUTE_2, TEXT_FIELD_3 FROM T1 WHERE DESCRIPTIVE_ATTRIBUTE_2 LIKE '+12%'","SELECT customer_first_name, customer_middle_initial FROM Customers WHERE customer_first_name LIKE '+12%'"
108,86,e_commerce,e_commerce,,,False,1,True,,llama3.1-8b,lexical,SELECT MEASUREMENT_VALUE_6 FROM T1 WHERE DESCRIPTIVE_ATTRIBUTE_3 LIKE '%Dell%',SELECT product_size FROM Products WHERE product_name LIKE '%Dell%'
109,87,e_commerce,e_commerce,,,False,1,True,,llama3.1-8b,lexical,SELECT T2.DESCRIPTIVE_ATTRIBUTE_10 FROM T2 JOIN T1 ON T2.IDENTIFIER_REFERENCE_8 = T1.IDENTIFIER_PRIMARY_1 WHERE T1.DESCRIPTIVE_ATTRIBUTE_3 LIKE '%Dell%' ORDER BY T2.DESCRIPTIVE_ATTRIBUTE_10,SELECT Order_Items.order_item_status_code FROM Order_Items JOIN Products ON Order_Items.product_id = Products.product_id WHERE Products.product_name LIKE '%Dell%' ORDER BY Order_Items.order_item_status_code
110,94,e_commerce,e_commerce,,,False,3,False,,llama3.1-8b,lexical,"SELECT T2.DESCRIPITIVE_ATTRIBUTE_8, T1.CHRONOLOGICAL_MARKER_4 FROM T2 INNER JOIN T1 ON T2.IDENTIFIER_REFERENCE_7 = T1.IDENTIFIER_PRIMARY_1 ORDER BY T2.DESCRIPITIVE_ATTRIBUTE_8","SELECT Order_Items.DESCRIPITIVE_ATTRIBUTE_8, Orders.date_order_placed FROM Order_Items INNER JOIN Orders ON Order_Items.order_id = Orders.order_id ORDER BY Order_Items.DESCRIPITIVE_ATTRIBUTE_8"
111,95,e_commerce,e_commerce,,,False,3,True,,llama3.1-8b,lexical,"SELECT T2.DESCRIPTIVE_ATTRIBUTE_8, T1.CHRONOLOGICAL_MARKER_4 FROM T2 JOIN T1 ON T2.IDENTIFIER_REFERENCE_7 = T1.IDENTIFIER_PRIMARY_1","SELECT Order_Items.order_item_status_code, Orders.date_order_placed FROM Order_Items JOIN Orders ON Order_Items.order_id = Orders.order_id"
112,96,e_commerce,e_commerce,,,False,1,True,,llama3.1-8b,lexical,"SELECT DESCRIPTIVE_ATTRIBUTE_2, DESCRIPTIVE_ATTRIBUTE_3, DESCRIPTIVE_ATTRIBUTE_4, TEXT_FIELD_6 FROM T1 WHERE TEXT_FIELD_6 LIKE '%USA%'","SELECT customer_first_name, email_address, address_line_1, county FROM Customers WHERE county LIKE '%USA%'"
113,97,e_commerce,e_commerce,,,False,1,True,,llama3.1-8b,lexical,"SELECT DESCRIPTIVE_ATTRIBUTE_2, DESCRIPTIVE_ATTRIBUTE_3, DESCRIPTIVE_ATTRIBUTE_4 FROM T1 WHERE DESCRIPTIVE_ATTRIBUTE_5 = 'United States'","SELECT customer_first_name, email_address, address_line_1 FROM Customers WHERE town_city = 'United States'"
114,112,e_commerce,e_commerce,,,False,1,True,,llama3.1-8b,lexical,"SELECT IDENTIFIER_PRIMARY_1, DESCRIPTIVE_ATTRIBUTE_3 FROM T1 WHERE CURRENCY_AMOUNT_4 > 3","SELECT product_id, product_name FROM Products WHERE product_price > 3"
115,113,e_commerce,e_commerce,,,False,1,True,,llama3.1-8b,lexical,"SELECT IDENTIFIER_PRIMARY_1, DESCRIPTIVE_ATTRIBUTE_3 FROM T1 WHERE IDENTIFIER_PRIMARY_1 IN (SELECT IDENTIFIER_PRIMARY_1 FROM T1 GROUP BY IDENTIFIER_PRIMARY_1 HAVING COUNT(CURRENCY_AMOUNT_4) > 3)","SELECT product_id, product_name FROM Products WHERE product_id IN (SELECT product_id FROM Products GROUP BY product_id HAVING COUNT(product_price) > 3)"
116,114,e_commerce,e_commerce,,,False,1,True,,llama3.1-8b,lexical,"SELECT T1.DESCRIPTIVE_ATTRIBUTE_2, T2.IDENTIFIER_PRIMARY_4 FROM T2 JOIN T1 ON T2.IDENTIFIER_REFERENCE_6 = T1.IDENTIFIER_PRIMARY_1 GROUP BY T2.IDENTIFIER_PRIMARY_4 HAVING COUNT(T2.IDENTIFIER_PRIMARY_4) >= 2 ORDER BY T1.CHRONOLOGICAL_MARKER_3 LIMIT 10","SELECT Invoices.invoice_status_code, Shipments.shipment_id FROM Shipments JOIN Invoices ON Shipments.invoice_number = Invoices.invoice_number GROUP BY Shipments.shipment_id HAVING COUNT(Shipments.shipment_id) >= 2 ORDER BY Invoices.invoice_date LIMIT 10"
117,115,e_commerce,e_commerce,,,False,1,True,,llama3.1-8b,lexical,"SELECT T1.DESCRIPTIVE_ATTRIBUTE_2, T1.CHRONOLOGICAL_MARKER_3 FROM T1 JOIN T2 ON T1.IDENTIFIER_PRIMARY_1 = T2.IDENTIFIER_REFERENCE_6 GROUP BY T1.DESCRIPTIVE_ATTRIBUTE_2, T1.CHRONOLOGICAL_MARKER_3 HAVING COUNT(T2.IDENTIFIER_PRIMARY_4) >= 2","SELECT Invoices.invoice_status_code, Invoices.invoice_date FROM Invoices JOIN Shipments ON Invoices.invoice_number = Shipments.invoice_number GROUP BY Invoices.invoice_status_code, Invoices.invoice_date HAVING COUNT(Shipments.shipment_id) >= 2"
118,116,e_commerce,e_commerce,,,False,1,True,,llama3.1-8b,lexical,"SELECT T2.IDENTIFIER_REFERENCE_7, T1.CHRONOLOGICAL_MARKER_5 FROM T2 JOIN T1 ON T2.IDENTIFIER_PRIMARY_6 = T1.IDENTIFIER_PRIMARY_1 ORDER BY T1.CHRONOLOGICAL_MARKER_5","SELECT Shipment_Items.order_item_id, Shipments.shipment_date FROM Shipment_Items JOIN Shipments ON Shipment_Items.shipment_id = Shipments.shipment_id ORDER BY Shipments.shipment_date"
119,117,e_commerce,e_commerce,,,False,1,True,,llama3.1-8b,lexical,"SELECT IDENTIFIER_REFERENCE_2, CHRONOLOGICAL_MARKER_5 FROM T1","SELECT order_id, shipment_date FROM Shipments"
120,121,bbc_channels,bbc_channels,,,False,1,True,,llama3.1-8b,lexical,SELECT T1.DESCRIPTIVE_ATTRIBUTE_2 FROM T3 JOIN T1 ON T3.IDENTIFIER_REFERENCE_13 = T1.IDENTIFIER_PRIMARY_1 ORDER BY T3.CHRONOLOGICAL_MARKER_10 DESC LIMIT 1,SELECT channel.Name FROM program JOIN channel ON program.Channel_ID = channel.Channel_ID ORDER BY program.Start_Year DESC LIMIT 1
121,122,bbc_channels,bbc_channels,,,False,1,True,,llama3.1-8b,lexical,SELECT COUNT(T1.IDENTIFIER_PRIMARY_1) FROM T1 JOIN T3 ON T3.IDENTIFIER_REFERENCE_13 = T1.IDENTIFIER_PRIMARY_1 JOIN T2 ON T2.IDENTIFIER_PRIMARY_6 = T3.IDENTIFIER_REFERENCE_12 WHERE T1.DESCRIPTIVE_ATTRIBUTE_2 LIKE '%bbc%',SELECT COUNT(channel.Channel_ID) FROM channel JOIN program ON program.Channel_ID = channel.Channel_ID JOIN director ON director.Director_ID = program.Director_ID WHERE channel.Name LIKE '%bbc%'
122,127,bbc_channels,bbc_channels,,,False,3,False,,llama3.1-8b,lexical,SELECT T1.DESCRIPITIVE_ATTRIBUTE_2 FROM T3 JOIN T1 ON T3.IDENTIFIER_REFERENCE_13 = T1.IDENTIFIER_PRIMARY_1 ORDER BY T3.CHRONOLOGICAL_MARKER_10 DESC LIMIT 1,SELECT channel.DESCRIPITIVE_ATTRIBUTE_2 FROM program JOIN channel ON program.Channel_ID = channel.Channel_ID ORDER BY program.Start_Year DESC LIMIT 1
123,128,bbc_channels,bbc_channels,,,False,3,False,,llama3.1-8b,lexical,"SELECT T1.DESCRIPATIVE_ATTRIBUTE_2, T1.TEXT_FIELD_3 FROM T1 JOIN T3 ON T1.IDENTIFIER_PRIMARY_1 = T3.IDENTIFIER_REFERENCE_13 JOIN T2 ON T3.IDENTIFIER_REFERENCE_12 = T2.IDENTIFIER_PRIMARY_6 GROUP BY T1.IDENTIFIER_PRIMARY_1 HAVING COUNT(T3.IDENTIFIER_PRIMARY_9) > 1","SELECT channel.DESCRIPATIVE_ATTRIBUTE_2, channel.Analogue_terrestrial_channel FROM channel JOIN program ON channel.Channel_ID = program.Channel_ID JOIN director ON program.Director_ID = director.Director_ID GROUP BY channel.Channel_ID HAVING COUNT(program.Program_ID) > 1"
124,129,bbc_channels,bbc_channels,,,False,3,False,,llama3.1-8b,lexical,"SELECT T2.DESCRIPITIVE_ATTRIBUTE_7, COUNT(T3.IDENTIFIER_REFERENCE_13) FROM T2 JOIN T3 ON T2.IDENTIFIER_PRIMARY_6 = T3.IDENTIFIER_REFERENCE_12 JOIN T1 ON T3.IDENTIFIER_REFERENCE_13 = T1.IDENTIFIER_PRIMARY_1 GROUP BY T2.DESCRIPITIVE_ATTRIBUTE_7 ORDER BY COUNT(T3.IDENTIFIER_REFERENCE_13) DESC","SELECT director.DESCRIPITIVE_ATTRIBUTE_7, COUNT(program.Channel_ID) FROM director JOIN program ON director.Director_ID = program.Director_ID JOIN channel ON program.Channel_ID = channel.Channel_ID GROUP BY director.DESCRIPITIVE_ATTRIBUTE_7 ORDER BY COUNT(program.Channel_ID) DESC"
125,131,bbc_channels,ERR,,,False,0,False,,,,,"ERR: RateLimitError('Error code: 429 - {\'message\': ""We\'re experiencing high traffic right now! Please try again soon."", \'type\': \'too_many_requests_error\', \'param\': \'queue\', \'code\': \'queue_exceeded\'}')"
126,138,tv_shows,tv_shows,,,False,1,True,,llama3.1-8b,lexical,"SELECT DESCRIPTIVE_ATTRIBUTE_9, DESCRIPTIVE_ATTRIBUTE_8 FROM T2","SELECT Is_free, Is_online FROM city_channel_tv_show"
127,140,tv_shows,tv_shows,,,False,3,False,,llama3.1-8b,lexical,SELECT T1.* FROM T1 JOIN T2 ON T1.IDENTIFIER_PRIMARY_1 = T2.IDENTIFIER_REFERENCE_8 WHERE T2.DESCRIBITIVE_ATTRIBUTE_9 > 150 OR T2.DESCRIBITIVE_ATTRIBUTE_9 < 30,SELECT radio.* FROM radio JOIN city_channel_radio ON radio.Radio_ID = city_channel_radio.Radio_ID WHERE city_channel_radio.DESCRIBITIVE_ATTRIBUTE_9 > 150 OR city_channel_radio.DESCRIBITIVE_ATTRIBUTE_9 < 30
128,141,tv_shows,tv_shows,,,False,1,True,,llama3.1-8b,lexical,SELECT T1.TEXT_FIELD_2 FROM T1 JOIN T2 ON T1.IDENTIFIER_PRIMARY_1 = T2.IDENTIFIER_REFERENCE_8 ORDER BY T2.DESCRIPTIVE_ATTRIBUTE_9 DESC LIMIT 1,SELECT radio.Transmitter FROM radio JOIN city_channel_radio ON radio.Radio_ID = city_channel_radio.Radio_ID ORDER BY city_channel_radio.Is_online DESC LIMIT 1
129,143,tv_shows,tv_shows,,,False,3,False,,llama3.1-8b,lexical,"SELECT T1.DESCRIPITIVE_ATTRIBUTE_2, COUNT(T2.IDENTIFIER_PRIMARY_6) AS count FROM T1 JOIN T2 ON T1.IDENTIFIER_PRIMARY_1 = T2.IDENTIFIER_PRIMARY_6 GROUP BY T1.DESCRIPITIVE_ATTRIBUTE_2 HAVING COUNT(T2.IDENTIFIER_PRIMARY_6) > 0 ORDER BY COUNT(T2.IDENTIFIER_PRIMARY_6) DESC","SELECT city_channel.DESCRIPITIVE_ATTRIBUTE_2, COUNT(city_channel_radio.City_channel_ID) AS count FROM city_channel JOIN city_channel_radio ON city_channel.ID = city_channel_radio.City_channel_ID GROUP BY city_channel.DESCRIPITIVE_ATTRIBUTE_2 HAVING COUNT(city_channel_radio.City_channel_ID) > 0 ORDER BY COUNT(city_channel_radio.City_channel_ID) DESC"
130,146,tv_shows,tv_shows,,,False,3,False,,llama3.1-8b,lexical,"SELECT T2.IDENTIFIER_REFERENCE_7, T3.DESCRIPITIVE_ATTRIBUTE_11 FROM T2 JOIN T1 ON T2.IDENTIFIER_PRIMARY_6 = T1.IDENTIFIER_PRIMARY_1 JOIN T3 ON T3.IDENTIFIER_PRIMARY_9 = T1.IDENTIFIER_PRIMARY_1 WHERE T2.IDENTIFIER_REFERENCE_7 IS NOT NULL GROUP BY T2.IDENTIFIER_REFERENCE_7 ORDER BY T3.DESCRIPITIVE_ATTRIBUTE_11 ASC","SELECT city_channel_radio.Radio_ID, city_channel_tv_show.DESCRIPITIVE_ATTRIBUTE_11 FROM city_channel_radio JOIN city_channel ON city_channel_radio.City_channel_ID = city_channel.ID JOIN city_channel_tv_show ON city_channel_tv_show.City_channel_ID = city_channel.ID WHERE city_channel_radio.Radio_ID IS NOT NULL GROUP BY city_channel_radio.Radio_ID ORDER BY city_channel_tv_show.DESCRIPITIVE_ATTRIBUTE_11 ASC"
131,147,tv_shows,tv_shows,,,False,1,True,,llama3.1-8b,lexical,"SELECT T3.DESCRIPTIVE_ATTRIBUTE_14, T2.TEXT_FIELD_7 FROM T3 JOIN T2 ON T3.IDENTIFIER_REFERENCE_13 = T2.IDENTIFIER_PRIMARY_6","SELECT city_channel_radio.Is_online, radio.Transmitter FROM city_channel_radio JOIN radio ON city_channel_radio.Radio_ID = radio.Radio_ID"
132,149,tv_shows,tv_shows,,,False,1,True,,llama3.1-8b,lexical,"SELECT T1.DESCRIPTIVE_ATTRIBUTE_2, COUNT(T2.IDENTIFIER_PRIMARY_6) AS city_channels FROM T3 JOIN T1 ON T3.IDENTIFIER_PRIMARY_12 = T1.IDENTIFIER_PRIMARY_1 JOIN T2 ON T3.IDENTIFIER_REFERENCE_13 = T2.IDENTIFIER_PRIMARY_6 GROUP BY T1.DESCRIPTIVE_ATTRIBUTE_2 ORDER BY city_channels DESC","SELECT city_channel.City, COUNT(radio.Radio_ID) AS city_channels FROM city_channel_radio JOIN city_channel ON city_channel_radio.City_channel_ID = city_channel.ID JOIN radio ON city_channel_radio.Radio_ID = radio.Radio_ID GROUP BY city_channel.City ORDER BY city_channels DESC"
133,157,vehicle_driver,ERR,,,False,0,False,,,,,"ERR: RateLimitError('Error code: 429 - {\'message\': ""We\'re experiencing high traffic right now! Please try again soon."", \'type\': \'too_many_requests_error\', \'param\': \'queue\', \'code\': \'queue_exceeded\'}')"
134,158,vehicle_driver,vehicle_driver,,,False,3,False,,llama3.1-8b,lexical,"SELECT MAX(T1.NUMERIC_FIELD_4) AS max_power, AVG(T1.NUMERIC_FIELD_4) AS avg_power FROM T1 INNER JOIN T3 ON T1.IDENTIFIER_PRIMARY_1 = T3.IDENTIFIER_REFERENCE_13 INNER JOIN T2 ON T3.IDENTIFIER_PRIMARY_12 = T2.IDENTIFIER_PRIMARY_8 WHERE T2.DESCRIPITIVE_ATTRIBUTE_9 = 'Zhuzhou'","SELECT MAX(vehicle.Top_Speed) AS max_power, AVG(vehicle.Top_Speed) AS avg_power FROM vehicle INNER JOIN vehicle_driver ON vehicle.Vehicle_ID = vehicle_driver.Vehicle_ID INNER JOIN driver ON vehicle_driver.Driver_ID = driver.Driver_ID WHERE driver.DESCRIPITIVE_ATTRIBUTE_9 = 'Zhuzhou'"
135,161,vehicle_driver,vehicle_driver,,,False,1,True,,llama3.1-8b,lexical,"SELECT TEXT_FIELD_2, MAX(NUMERIC_FIELD_4) AS top_speed, MAX(NUMERIC_FIELD_5) AS power FROM T1 WHERE CHRONOLOGICAL_MARKER_3 = '1996' GROUP BY TEXT_FIELD_2 ORDER BY top_speed DESC, power DESC LIMIT 1","SELECT Model, MAX(Top_Speed) AS top_speed, MAX(Power) AS power FROM vehicle WHERE Build_Year = '1996' GROUP BY Model ORDER BY top_speed DESC, power DESC LIMIT 1"
136,162,vehicle_driver,vehicle_driver,,,False,1,True,,llama3.1-8b,lexical,"SELECT MAX(NUMERIC_FIELD_4) AS top_speed, MAX(NUMERIC_FIELD_5) AS top_power FROM T1 WHERE CHRONOLOGICAL_MARKER_3 = '1996' ORDER BY MAX(NUMERIC_FIELD_4) DESC, MAX(NUMERIC_FIELD_5) DESC LIMIT 1","SELECT MAX(Top_Speed) AS top_speed, MAX(Power) AS top_power FROM vehicle WHERE Build_Year = '1996' ORDER BY MAX(Top_Speed) DESC, MAX(Power) DESC LIMIT 1"
137,163,vehicle_driver,vehicle_driver,,,False,1,True,,llama3.1-8b,lexical,"SELECT T1.NUMERIC_FIELD_4 AS build_year, T1.TEXT_FIELD_6 AS model_name, T2.TEXT_FIELD_10 AS builder FROM T1 INNER JOIN T3 ON T1.IDENTIFIER_PRIMARY_1 = T3.IDENTIFIER_REFERENCE_13 INNER JOIN T2 ON T3.IDENTIFIER_PRIMARY_12 = T2.IDENTIFIER_PRIMARY_8","SELECT vehicle.Top_Speed AS build_year, vehicle.Builder AS model_name, driver.Citizenship AS builder FROM vehicle INNER JOIN vehicle_driver ON vehicle.Vehicle_ID = vehicle_driver.Vehicle_ID INNER JOIN driver ON vehicle_driver.Driver_ID = driver.Driver_ID"
138,164,vehicle_driver,vehicle_driver,,,False,1,True,,llama3.1-8b,lexical,"SELECT T1.NUMERIC_FIELD_4, T1.TEXT_FIELD_6, T2.TEXT_FIELD_10 FROM T1 JOIN T3 ON T3.IDENTIFIER_REFERENCE_13 = T1.IDENTIFIER_PRIMARY_1 JOIN T2 ON T2.IDENTIFIER_PRIMARY_8 = T3.IDENTIFIER_PRIMARY_12","SELECT vehicle.Top_Speed, vehicle.Builder, driver.Citizenship FROM vehicle JOIN vehicle_driver ON vehicle_driver.Vehicle_ID = vehicle.Vehicle_ID JOIN driver ON driver.Driver_ID = vehicle_driver.Driver_ID"
139,165,vehicle_driver,vehicle_driver,,,False,1,True,,llama3.1-8b,lexical,SELECT COUNT(DISTINCT T3.IDENTIFIER_PRIMARY_12) FROM T3 JOIN T1 ON T3.IDENTIFIER_REFERENCE_13 = T1.IDENTIFIER_PRIMARY_1 WHERE T1.CHRONOLOGICAL_MARKER_3 = '2012',SELECT COUNT(DISTINCT vehicle_driver.Driver_ID) FROM vehicle_driver JOIN vehicle ON vehicle_driver.Vehicle_ID = vehicle.Vehicle_ID WHERE vehicle.Build_Year = '2012'
140,166,vehicle_driver,vehicle_driver,,,False,1,True,,llama3.1-8b,lexical,SELECT COUNT(DISTINCT T2.DESCRIPTIVE_ATTRIBUTE_9) FROM T3 JOIN T1 ON T3.IDENTIFIER_REFERENCE_13 = T1.IDENTIFIER_PRIMARY_1 JOIN T2 ON T3.IDENTIFIER_PRIMARY_12 = T2.IDENTIFIER_PRIMARY_8 WHERE T1.CHRONOLOGICAL_MARKER_3 = '2012',SELECT COUNT(DISTINCT driver.Name) FROM vehicle_driver JOIN vehicle ON vehicle_driver.Vehicle_ID = vehicle.Vehicle_ID JOIN driver ON vehicle_driver.Driver_ID = driver.Driver_ID WHERE vehicle.Build_Year = '2012'
141,173,vehicle_driver,vehicle_driver,,,False,3,False,,llama3.1-8b,lexical,"SELECT T2.DESCRIPITIVE_ATTRIBUTE_9, T1.NUMERIC_FIELD_4, T1.NUMERIC_FIELD_5 FROM T3 JOIN T1 ON T3.IDENTIFIER_REFERENCE_13 = T1.IDENTIFIER_PRIMARY_1 JOIN T2 ON T3.IDENTIFIER_PRIMARY_12 = T2.IDENTIFIER_PRIMARY_8 WHERE T1.NUMERIC_FIELD_4 > 100 OR T1.NUMERIC_FIELD_5 > 150","SELECT driver.DESCRIPITIVE_ATTRIBUTE_9, vehicle.Top_Speed, vehicle.Power FROM vehicle_driver JOIN vehicle ON vehicle_driver.Vehicle_ID = vehicle.Vehicle_ID JOIN driver ON vehicle_driver.Driver_ID = driver.Driver_ID WHERE vehicle.Top_Speed > 100 OR vehicle.Power > 150"
142,174,vehicle_driver,vehicle_driver,,,False,1,True,,llama3.1-8b,lexical,SELECT T2.TEXT_FIELD_10 FROM T3 JOIN T2 ON T3.IDENTIFIER_PRIMARY_12 = T2.IDENTIFIER_PRIMARY_8 JOIN T1 ON T3.IDENTIFIER_REFERENCE_13 = T1.IDENTIFIER_PRIMARY_1 WHERE T1.NUMERIC_FIELD_4 > 100 OR T1.NUMERIC_FIELD_5 > 150,SELECT driver.Citizenship FROM vehicle_driver JOIN driver ON vehicle_driver.Driver_ID = driver.Driver_ID JOIN vehicle ON vehicle_driver.Vehicle_ID = vehicle.Vehicle_ID WHERE vehicle.Top_Speed > 100 OR vehicle.Power > 150
143,175,vehicle_driver,vehicle_driver,,,False,1,True,,llama3.1-8b,lexical,"SELECT T1.TEXT_FIELD_2, T1.NUMERIC_FIELD_4 FROM T1 JOIN T3 ON T1.IDENTIFIER_PRIMARY_1 = T3.IDENTIFIER_REFERENCE_13 WHERE T1.TEXT_FIELD_2 LIKE '%DJ%'","SELECT vehicle.Model, vehicle.Top_Speed FROM vehicle JOIN vehicle_driver ON vehicle.Vehicle_ID = vehicle_driver.Vehicle_ID WHERE vehicle.Model LIKE '%DJ%'"
144,176,vehicle_driver,vehicle_driver,,,False,1,True,,llama3.1-8b,lexical,"SELECT T1.TEXT_FIELD_6, T1.NUMERIC_FIELD_5 FROM T1 JOIN T3 ON T1.IDENTIFIER_PRIMARY_1 = T3.IDENTIFIER_REFERENCE_13 WHERE T1.TEXT_FIELD_6 LIKE '%DJ%'","SELECT vehicle.Builder, vehicle.Power FROM vehicle JOIN vehicle_driver ON vehicle.Vehicle_ID = vehicle_driver.Vehicle_ID WHERE vehicle.Builder LIKE '%DJ%'"
145,187,vehicle_driver,vehicle_driver,,,False,1,True,,llama3.1-8b,lexical,"SELECT T2.DESCRIPTIVE_ATTRIBUTE_9, COUNT(T3.IDENTIFIER_PRIMARY_12) AS num_drivers FROM T2 LEFT JOIN T3 ON T2.IDENTIFIER_PRIMARY_8 = T3.IDENTIFIER_PRIMARY_12 GROUP BY T2.DESCRIPTIVE_ATTRIBUTE_9 ORDER BY T2.DESCRIPTIVE_ATTRIBUTE_9","SELECT driver.Name, COUNT(vehicle_driver.Driver_ID) AS num_drivers FROM driver LEFT JOIN vehicle_driver ON driver.Driver_ID = vehicle_driver.Driver_ID GROUP BY driver.Name ORDER BY driver.Name"
146,188,vehicle_driver,vehicle_driver,,,False,1,True,,llama3.1-8b,lexical,"SELECT T2.DESCRIPTIVE_ATTRIBUTE_9, COUNT(T3.IDENTIFIER_PRIMARY_12) FROM T3 JOIN T2 ON T3.IDENTIFIER_PRIMARY_12 = T2.IDENTIFIER_PRIMARY_8 GROUP BY T2.DESCRIPTIVE_ATTRIBUTE_9","SELECT driver.Name, COUNT(vehicle_driver.Driver_ID) FROM vehicle_driver JOIN driver ON vehicle_driver.Driver_ID = driver.Driver_ID GROUP BY driver.Name"
147,197,online_exams,online_exams,,,False,1,True,,llama3.1-8b,lexical,"SELECT TEXT_FIELD_2, CHRONOLOGICAL_MARKER_3 FROM T1 WHERE TEXT_FIELD_2 != 'Database'","SELECT Subject_Code, Exam_Date FROM Exams WHERE Subject_Code != 'Database'"
148,198,online_exams,online_exams,,,False,1,True,,llama3.1-8b,lexical,"SELECT CHRONOLOGICAL_MARKER_3, TEXT_FIELD_2 FROM T1 WHERE TEXT_FIELD_2 != 'Database'","SELECT Exam_Date, Subject_Code FROM Exams WHERE Subject_Code != 'Database'"
149,201,online_exams,online_exams,,,False,3,False,,llama3.1-8b,lexical,"SELECT T1.DESCRIPITIVE_ATTRIBUTE_2, COUNT(T2.IDENTIFIER_PRIMARY_4) AS COUNT FROM T1 JOIN T2 ON T1.IDENTIFIER_PRIMARY_1 = T2.IDENTIFIER_REFERENCE_5 GROUP BY T1.DESCRIPITIVE_ATTRIBUTE_2 ORDER BY COUNT DESC","SELECT Questions.DESCRIPITIVE_ATTRIBUTE_2, COUNT(Questions_in_Exams.Exam_ID) AS COUNT FROM Questions JOIN Questions_in_Exams ON Questions.Question_ID = Questions_in_Exams.Question_ID GROUP BY Questions.DESCRIPITIVE_ATTRIBUTE_2 ORDER BY COUNT DESC"
150,202,online_exams,online_exams,,,False,1,True,,llama3.1-8b,lexical,"SELECT DESCRIPTIVE_ATTRIBUTE_2, COUNT(*) AS COUNT FROM T1 GROUP BY DESCRIPTIVE_ATTRIBUTE_2 ORDER BY COUNT DESC","SELECT Type_of_Question_Code, COUNT(*) AS COUNT FROM Questions GROUP BY Type_of_Question_Code ORDER BY COUNT DESC"
151,207,online_exams,online_exams,,,False,1,True,,llama3.1-8b,lexical,"SELECT T1.DESCRIPTIVE_ATTRIBUTE_2, COUNT(T3.TEXT_FIELD_15) AS count FROM T1 JOIN T3 ON T3.IDENTIFIER_REFERENCE_13 = T1.IDENTIFIER_PRIMARY_1 GROUP BY T1.DESCRIPTIVE_ATTRIBUTE_2 ORDER BY count DESC","SELECT Students.First_Name, COUNT(Student_Answers.Student_Answer_Text) AS count FROM Students JOIN Student_Answers ON Student_Answers.Student_ID = Students.Student_ID GROUP BY Students.First_Name ORDER BY count DESC"
152,208,online_exams,online_exams,,,False,1,True,,llama3.1-8b,lexical,"SELECT TEXT_FIELD_15, COUNT(*) as frequency FROM T3 GROUP BY TEXT_FIELD_15 ORDER BY frequency DESC","SELECT Student_Answer_Text, COUNT(*) as frequency FROM Student_Answers GROUP BY Student_Answer_Text ORDER BY frequency DESC"
153,209,online_exams,online_exams,,,False,1,True,,llama3.1-8b,lexical,"SELECT T1.DESCRIPTIVE_ATTRIBUTE_2, T2.CHRONOLOGICAL_MARKER_11 FROM T1 JOIN T2 ON T2.IDENTIFIER_REFERENCE_10 = T1.IDENTIFIER_PRIMARY_1 ORDER BY T2.CHRONOLOGICAL_MARKER_11","SELECT Students.First_Name, Student_Answers.Date_of_Answer FROM Students JOIN Student_Answers ON Student_Answers.Student_ID = Students.Student_ID ORDER BY Student_Answers.Date_of_Answer"
154,210,online_exams,online_exams,,,False,3,False,,llama3.1-8b,lexical,"SELECT T1.DESCRIBITIVE_ATTRIBUTE_2, T2.CHRONOLOGICAL_MARKER_11 FROM T2 JOIN T1 ON T2.IDENTIFIER_REFERENCE_10 = T1.IDENTIFIER_PRIMARY_1 ORDER BY T2.CHRONOLOGICAL_MARKER_11","SELECT Students.DESCRIBITIVE_ATTRIBUTE_2, Student_Answers.Date_of_Answer FROM Student_Answers JOIN Students ON Student_Answers.Student_ID = Students.Student_ID ORDER BY Student_Answers.Date_of_Answer"
155,211,online_exams,online_exams,,,False,1,True,,llama3.1-8b,lexical,"SELECT T1.DESCRIPTIVE_ATTRIBUTE_2, T2.CHRONOLOGICAL_MARKER_11 FROM T1 JOIN T2 ON T2.IDENTIFIER_REFERENCE_10 = T1.IDENTIFIER_PRIMARY_1 ORDER BY T2.CHRONOLOGICAL_MARKER_11 DESC","SELECT Students.First_Name, Student_Answers.Date_of_Answer FROM Students JOIN Student_Answers ON Student_Answers.Student_ID = Students.Student_ID ORDER BY Student_Answers.Date_of_Answer DESC"
156,212,online_exams,online_exams,,,False,1,True,,llama3.1-8b,lexical,"SELECT T3.TEXT_FIELD_15, T2.CHRONOLOGICAL_MARKER_11 FROM T2 JOIN T1 ON T2.IDENTIFIER_REFERENCE_10 = T1.IDENTIFIER_PRIMARY_1 JOIN T3 ON T1.IDENTIFIER_PRIMARY_1 = T3.IDENTIFIER_REFERENCE_14 ORDER BY T2.CHRONOLOGICAL_MARKER_11 DESC","SELECT Student_Assessments.Student_Answer_Text, Student_Answers.Date_of_Answer FROM Student_Answers JOIN Students ON Student_Answers.Student_ID = Students.Student_ID JOIN Student_Assessments ON Students.Student_ID = Student_Assessments.Valid_Answer_ID ORDER BY Student_Answers.Date_of_Answer DESC"
157,215,online_exams,online_exams,,,False,1,True,,llama3.1-8b,lexical,SELECT T1.DESCRIPTIVE_ATTRIBUTE_2 FROM T1 JOIN T2 ON T1.IDENTIFIER_PRIMARY_1 = T2.IDENTIFIER_REFERENCE_10 GROUP BY T1.DESCRIPTIVE_ATTRIBUTE_2 HAVING COUNT(T2.IDENTIFIER_PRIMARY_7) >= 2,SELECT Students.First_Name FROM Students JOIN Student_Answers ON Students.Student_ID = Student_Answers.Student_ID GROUP BY Students.First_Name HAVING COUNT(Student_Answers.Student_Answer_ID) >= 2
158,216,online_exams,online_exams,,,False,3,False,,llama3.1-8b,lexical,SELECT T1.DESCRIPITIVE_ATTRIBUTE_2 FROM T1 JOIN T2 ON T1.IDENTIFIER_PRIMARY_1 = T2.IDENTIFIER_REFERENCE_10 GROUP BY T1.DESCRIPITIVE_ATTRIBUTE_2 HAVING COUNT(T2.IDENTIFIER_PRIMARY_7) >= 2,SELECT Students.DESCRIPITIVE_ATTRIBUTE_2 FROM Students JOIN Student_Answers ON Students.Student_ID = Student_Answers.Student_ID GROUP BY Students.DESCRIPITIVE_ATTRIBUTE_2 HAVING COUNT(Student_Answers.Student_Answer_ID) >= 2
159,221,online_exams,online_exams,,,False,3,False,,llama3.1-8b,lexical,"SELECT T1.DESCRIPITIVE_ATTRIBUTE_2, COUNT(T2.IDENTIFIER_PRIMARY_7) FROM T1 JOIN T2 ON T1.IDENTIFIER_PRIMARY_1 = T2.IDENTIFIER_REFERENCE_10 GROUP BY T1.DESCRIPITIVE_ATTRIBUTE_2","SELECT Students.DESCRIPITIVE_ATTRIBUTE_2, COUNT(Student_Answers.Student_Answer_ID) FROM Students JOIN Student_Answers ON Students.Student_ID = Student_Answers.Student_ID GROUP BY Students.DESCRIPITIVE_ATTRIBUTE_2"
160,14,soccer_3,soccer_3,,,False,1,True,,llama3.1-8b,lexical,SELECT T1.DESCRIPTIVE_ATTRIBUTE_2 FROM T1 JOIN T2 ON T1.IDENTIFIER_PRIMARY_1 = T2.IDENTIFIER_REFERENCE_13 WHERE T2.NUMERIC_FIELD_10 > 2 GROUP BY T1.DESCRIPTIVE_ATTRIBUTE_2 ORDER BY SUM(T2.MEASUREMENT_VALUE_11) DESC LIMIT 1,SELECT club.Name FROM club JOIN player ON club.Club_ID = player.Club_ID WHERE player.Earnings > 2 GROUP BY club.Name ORDER BY SUM(player.Events_number) DESC LIMIT 1
161,15,soccer_3,soccer_3,,,False,3,False,,llama3.1-8b,lexical,SELECT T1.DESCRIPITIVE_ATTRIBUTE_2 FROM T1 JOIN T2 ON T1.IDENTIFIER_PRIMARY_1 = T2.IDENTIFIER_REFERENCE_13 GROUP BY T1.DESCRIPITIVE_ATTRIBUTE_2 HAVING SUM(T2.MEASUREMENT_VALUE_11) > 2 ORDER BY SUM(T2.MEASUREMENT_VALUE_11) DESC LIMIT 1,SELECT club.DESCRIPITIVE_ATTRIBUTE_2 FROM club JOIN player ON club.Club_ID = player.Club_ID GROUP BY club.DESCRIPITIVE_ATTRIBUTE_2 HAVING SUM(player.Events_number) > 2 ORDER BY SUM(player.Events_number) DESC LIMIT 1
162,22,soccer_3,soccer_3,,,False,1,True,,llama3.1-8b,lexical,"SELECT T1.DESCRIPTIVE_ATTRIBUTE_2, AVG(T2.NUMERIC_FIELD_10) AS average_earnings FROM T2 JOIN T1 ON T2.IDENTIFIER_REFERENCE_13 = T1.IDENTIFIER_PRIMARY_1 GROUP BY T1.DESCRIPTIVE_ATTRIBUTE_2 ORDER BY AVG(T2.NUMERIC_FIELD_10) DESC","SELECT club.Name, AVG(player.Earnings) AS average_earnings FROM player JOIN club ON player.Club_ID = club.Club_ID GROUP BY club.Name ORDER BY AVG(player.Earnings) DESC"
163,23,soccer_3,ERR,,,False,0,False,,,,,"ERR: RateLimitError('Error code: 429 - {\'message\': ""We\'re experiencing high traffic right now! Please try again soon."", \'type\': \'too_many_requests_error\', \'param\': \'queue\', \'code\': \'queue_exceeded\'}')"
164,26,soccer_3,soccer_3,,,False,1,True,,llama3.1-8b,lexical,"SELECT DESCRIPTIVE_ATTRIBUTE_8 AS manufacturer, COUNT(*) AS count FROM T2 GROUP BY DESCRIPTIVE_ATTRIBUTE_8 ORDER BY count DESC LIMIT 1","SELECT Name AS manufacturer, COUNT(*) AS count FROM player GROUP BY Name ORDER BY count DESC LIMIT 1"
165,27,soccer_3,soccer_3,,,False,1,True,,llama3.1-8b,lexical,"SELECT DESCRIPTIVE_ATTRIBUTE_8, COUNT(*) as count FROM T2 GROUP BY DESCRIPTIVE_ATTRIBUTE_8 ORDER BY count DESC LIMIT 1","SELECT Name, COUNT(*) as count FROM player GROUP BY Name ORDER BY count DESC LIMIT 1"
166,32,soccer_3,soccer_3,,,False,3,False,,llama3.1-8b,lexical,SELECT T1.DESCRIPITIVE_ATTRIBUTE_2 FROM T1 LEFT JOIN T2 ON T1.IDENTIFIER_PRIMARY_1 = T2.IDENTIFIER_REFERENCE_13 WHERE T2.IDENTIFIER_REFERENCE_13 IS NULL,SELECT club.DESCRIPITIVE_ATTRIBUTE_2 FROM club LEFT JOIN player ON club.Club_ID = player.Club_ID WHERE player.Club_ID IS NULL
167,33,soccer_3,soccer_3,,,False,3,False,,llama3.1-8b,lexical,SELECT T1.DESCRIPITIVE_ATTRIBUTE_2 FROM T1 LEFT JOIN T2 ON T1.IDENTIFIER_PRIMARY_1 = T2.IDENTIFIER_REFERENCE_13 WHERE T2.IDENTIFIER_REFERENCE_13 IS NULL,SELECT club.DESCRIPITIVE_ATTRIBUTE_2 FROM club LEFT JOIN player ON club.Club_ID = player.Club_ID WHERE player.Club_ID IS NULL
168,34,soccer_3,soccer_3,,,False,1,True,,llama3.1-8b,lexical,"SELECT T1.DESCRIPTIVE_ATTRIBUTE_2, T2.DESCRIPTIVE_ATTRIBUTE_8 FROM T2 JOIN T1 ON T2.IDENTIFIER_REFERENCE_13 = T1.IDENTIFIER_PRIMARY_1 WHERE T2.NUMERIC_FIELD_10 > 1400000 OR T2.NUMERIC_FIELD_10 < 1100000","SELECT club.Name, player.Name FROM player JOIN club ON player.Club_ID = club.Club_ID WHERE player.Earnings > 1400000 OR player.Earnings < 1100000"
169,35,soccer_3,soccer_3,,,False,1,True,,llama3.1-8b,lexical,SELECT DESCRIPTIVE_ATTRIBUTE_8 FROM T1 WHERE IDENTIFIER_PRIMARY_1 IN ( SELECT IDENTIFIER_REFERENCE_13 FROM T2 WHERE MEASUREMENT_VALUE_11 > 1400000 ) INTERSECT SELECT DESCRIPTIVE_ATTRIBUTE_8 FROM T1 WHERE IDENTIFIER_PRIMARY_1 IN ( SELECT IDENTIFIER_REFERENCE_13 FROM T2 WHERE MEASUREMENT_VALUE_11 < 1100000 ),SELECT Name FROM club WHERE Club_ID IN ( SELECT Club_ID FROM player WHERE Events_number > 1400000 ) INTERSECT SELECT Name FROM club WHERE Club_ID IN ( SELECT Club_ID FROM player WHERE Events_number < 1100000 )
170,44,e_commerce,e_commerce,,,False,1,True,,llama3.1-8b,lexical,"SELECT T1.DESCRIPTIVE_ATTRIBUTE_3, T1.CHRONOLOGICAL_MARKER_4 FROM T1 JOIN T2 ON T2.IDENTIFIER_REFERENCE_7 = T1.IDENTIFIER_PRIMARY_1 GROUP BY T1.CHRONOLOGICAL_MARKER_4 HAVING COUNT(T2.IDENTIFIER_PRIMARY_5) > 1 OR T1.CHRONOLOGICAL_MARKER_4 IN ( SELECT CHRONOLOGICAL_MARKER_4 FROM T1 GROUP BY CHRONOLOGICAL_MARKER_4 ORDER BY MIN(CHRONOLOGICAL_MARKER_4) LIMIT 1 ) ORDER BY T1.CHRONOLOGICAL_MARKER_4","SELECT Orders.order_status_code, Orders.date_order_placed FROM Orders JOIN Order_Items ON Order_Items.order_id = Orders.order_id GROUP BY Orders.date_order_placed HAVING COUNT(Order_Items.order_item_id) > 1 OR Orders.date_order_placed IN ( SELECT date_order_placed FROM Orders GROUP BY date_order_placed ORDER BY MIN(date_order_placed) LIMIT 1 ) ORDER BY Orders.date_order_placed"
171,45,e_commerce,e_commerce,,,False,3,False,,llama3.1-8b,lexical,"SELECT MIN(T1.CHRONOLOGICAL_MARKER_4) AS earliest_order_date, T2.DESCRIPTIVE_ATTRIBUTE_8 AS order_description, T2.CHRONOLOGICAL_MARKER_4 AS order_date FROM T1 LEFT JOIN T2 ON T1.IDENTIFIER_PRIMARY_1 = T2.IDENTIFIER_REFERENCE_7 GROUP BY T2.DESCRIPTIVE_ATTRIBUTE_8, T2.CHRONOLOGICAL_MARKER_4 HAVING COUNT(T2.DESCRIPTIVE_ATTRIBUTE_8) > 1 UNION SELECT T3.DESCRIPTIVE_ATTRIBUTE_8 AS order_description, T3.CHRONOLOGICAL_MARKER_13 AS order_date FROM T1 LEFT JOIN T3 ON T1.IDENTIFIER_PRIMARY_1 = T3.IDENTIFIER_REFERENCE_10","SELECT MIN(Orders.date_order_placed) AS earliest_order_date, Order_Items.order_item_status_code AS order_description, Order_Items.date_order_placed AS order_date FROM Orders LEFT JOIN Order_Items ON Orders.order_id = Order_Items.order_id GROUP BY Order_Items.order_item_status_code, Order_Items.date_order_placed HAVING COUNT(Order_Items.order_item_status_code) > 1 UNION SELECT Shipments.order_item_status_code AS order_description, Shipments.shipment_date AS order_date FROM Orders LEFT JOIN Shipments ON Orders.order_id = Shipments.order_id"
172,49,e_commerce,e_commerce,,,False,1,True,,llama3.1-8b,lexical,"SELECT IDENTIFIER_PRIMARY_1, DESCRIPTIVE_ATTRIBUTE_3, CURRENCY_AMOUNT_4, TEXT_FIELD_5 FROM T1 WHERE IDENTIFIER_PRIMARY_1 IN ( SELECT IDENTIFIER_PRIMARY_1 FROM T1 GROUP BY IDENTIFIER_PRIMARY_1 HAVING COUNT(IDENTIFIER_PRIMARY_1) < 2 ) ORDER BY DESCRIPTIVE_ATTRIBUTE_3","SELECT product_id, product_name, product_price, product_color FROM Products WHERE product_id IN ( SELECT product_id FROM Products GROUP BY product_id HAVING COUNT(product_id) < 2 ) ORDER BY product_name"
173,56,e_commerce,e_commerce,,,False,1,True,,llama3.1-8b,lexical,"SELECT TEXT_FIELD_2, COUNT(*) as count FROM T1 GROUP BY TEXT_FIELD_2 ORDER BY count DESC LIMIT 1","SELECT payment_method_code, COUNT(*) as count FROM Customer_Payment_Methods GROUP BY payment_method_code ORDER BY count DESC LIMIT 1"
174,57,e_commerce,e_commerce,,,False,1,True,,llama3.1-8b,lexical,SELECT TEXT_FIELD_8 FROM T2 GROUP BY TEXT_FIELD_8 ORDER BY COUNT(TEXT_FIELD_8) DESC LIMIT 1,SELECT payment_method_code FROM Customer_Payment_Methods GROUP BY payment_method_code ORDER BY COUNT(payment_method_code) DESC LIMIT 1
175,58,e_commerce,e_commerce,,,False,1,True,,llama3.1-8b,lexical,"SELECT T2.DESCRIPTIVE_ATTRIBUTE_8, COUNT(T1.IDENTIFIER_PRIMARY_1) FROM T1 INNER JOIN T2 ON T1.DESCRIPTIVE_ATTRIBUTE_3 = T2.DESCRIPTIVE_ATTRIBUTE_8 GROUP BY T2.DESCRIPTIVE_ATTRIBUTE_8 ORDER BY COUNT(T1.IDENTIFIER_PRIMARY_1) DESC","SELECT Customers.gender_code, COUNT(Products.product_id) FROM Products INNER JOIN Customers ON Products.product_name = Customers.gender_code GROUP BY Customers.gender_code ORDER BY COUNT(Products.product_id) DESC"
176,59,e_commerce,e_commerce,,,False,1,True,,llama3.1-8b,lexical,"SELECT DESCRIPTIVE_ATTRIBUTE_3 AS Gender, COUNT(*) AS ProductCount FROM T1 GROUP BY DESCRIPTIVE_ATTRIBUTE_3 ORDER BY ProductCount DESC","SELECT product_name AS Gender, COUNT(*) AS ProductCount FROM Products GROUP BY product_name ORDER BY ProductCount DESC"
177,66,e_commerce,e_commerce,,,False,1,True,,llama3.1-8b,lexical,"SELECT T1.MEASUREMENT_VALUE_6, T2.MEASUREMENT_VALUE_10 FROM T1 INNER JOIN T2 ON T1.IDENTIFIER_PRIMARY_1 = T2.IDENTIFIER_PRIMARY_7 ORDER BY T2.MEASUREMENT_VALUE_10","SELECT Products.product_size, Shipments.shipment_tracking_number FROM Products INNER JOIN Shipments ON Products.product_id = Shipments.shipment_id ORDER BY Shipments.shipment_tracking_number"
178,67,e_commerce,e_commerce,,,False,1,True,,llama3.1-8b,lexical,"SELECT T1.DESCRIPTIVE_ATTRIBUTE_3, T2.CHRONOLOGICAL_MARKER_11 FROM T2 JOIN T1 ON T2.IDENTIFIER_REFERENCE_8 = T1.IDENTIFIER_PRIMARY_1 GROUP BY T1.DESCRIPTIVE_ATTRIBUTE_3, T2.CHRONOLOGICAL_MARKER_11 ORDER BY T1.DESCRIPTIVE_ATTRIBUTE_3, T2.CHRONOLOGICAL_MARKER_11","SELECT Products.product_name, Shipments.shipment_date FROM Shipments JOIN Products ON Shipments.order_id = Products.product_id GROUP BY Products.product_name, Shipments.shipment_date ORDER BY Products.product_name, Shipments.shipment_date"
179,70,e_commerce,e_commerce,,,False,3,False,,llama3.1-8b,lexical,"SELECT T1.DESCRIBITIVE_ATTRIBUTE_3, T1.DESCRIBITIVE_ATTRIBUTE_3 AS color FROM T1 JOIN T3 ON T1.IDENTIFIER_PRIMARY_1 = T3.IDENTIFIER_REFERENCE_12 JOIN T2 ON T3.IDENTIFIER_REFERENCE_13 = T2.IDENTIFIER_PRIMARY_7 WHERE T2.CHRONOLOGICAL_MARKER_10 IS NOT NULL ORDER BY T2.CHRONOLOGICAL_MARKER_10","SELECT Products.DESCRIBITIVE_ATTRIBUTE_3, Products.DESCRIBITIVE_ATTRIBUTE_3 AS color FROM Products JOIN Order_Items ON Products.product_id = Order_Items.product_id JOIN Orders ON Order_Items.order_id = Orders.order_id WHERE Orders.date_order_placed IS NOT NULL ORDER BY Orders.date_order_placed"
180,71,e_commerce,e_commerce,,,False,1,True,,llama3.1-8b,lexical,"SELECT T1.DESCRIPTIVE_ATTRIBUTE_3, T1.TEXT_FIELD_5 FROM T1 JOIN T2 ON T1.IDENTIFIER_PRIMARY_1 = T2.IDENTIFIER_REFERENCE_8 OR T1.IDENTIFIER_PRIMARY_1 = T2.IDENTIFIER_REFERENCE_9","SELECT Products.product_name, Products.product_color FROM Products JOIN Shipments ON Products.product_id = Shipments.order_id OR Products.product_id = Shipments.invoice_number"
181,74,e_commerce,e_commerce,,,False,1,True,,llama3.1-8b,lexical,SELECT T4.MEASUREMENT_VALUE_15 FROM T4 JOIN T2 ON T4.IDENTIFIER_REFERENCE_13 = T2.IDENTIFIER_PRIMARY_4 JOIN T3 ON T4.IDENTIFIER_REFERENCE_14 = T3.IDENTIFIER_PRIMARY_8 WHERE T3.IDENTIFIER_REFERENCE_10 IS NULL,SELECT Shipments.shipment_tracking_number FROM Shipments JOIN Orders ON Shipments.order_id = Orders.order_id JOIN Order_Items ON Shipments.invoice_number = Order_Items.order_item_id WHERE Order_Items.order_id IS NULL
182,75,e_commerce,e_commerce,,,False,1,True,,llama3.1-8b,lexical,"SELECT T2.DESCRIPTIVE_ATTRIBUTE_6, T4.MEASUREMENT_VALUE_15 FROM T2 JOIN T4 ON T4.IDENTIFIER_REFERENCE_13 = T2.IDENTIFIER_PRIMARY_4 WHERE T2.DESCRIPTIVE_ATTRIBUTE_6 = 'not shipped'","SELECT Orders.order_status_code, Shipments.shipment_tracking_number FROM Orders JOIN Shipments ON Shipments.order_id = Orders.order_id WHERE Orders.order_status_code = 'not shipped'"
183,76,e_commerce,e_commerce,,,False,1,True,,llama3.1-8b,lexical,"SELECT T2.DESCRIPTIVE_ATTRIBUTE_8 AS order_id, T1.DESCRIPTIVE_ATTRIBUTE_3 AS date, SUM(T3.MEASUREMENT_VALUE_12) AS total_cost FROM T3 INNER JOIN T1 ON T3.IDENTIFIER_REFERENCE_10 = T1.IDENTIFIER_PRIMARY_1 INNER JOIN T2 ON T2.IDENTIFIER_REFERENCE_7 = T1.IDENTIFIER_PRIMARY_1 GROUP BY T2.DESCRIPTIVE_ATTRIBUTE_8, T1.DESCRIPTIVE_ATTRIBUTE_3","SELECT Order_Items.order_item_status_code AS order_id, Orders.order_status_code AS date, SUM(Shipments.shipment_tracking_number) AS total_cost FROM Shipments INNER JOIN Orders ON Shipments.order_id = Orders.order_id INNER JOIN Order_Items ON Order_Items.order_id = Orders.order_id GROUP BY Order_Items.order_item_status_code, Orders.order_status_code"
184,77,e_commerce,e_commerce,,,False,1,True,,llama3.1-8b,lexical,"SELECT T2.IDENTIFIER_PRIMARY_5 AS id, T1.CHRONOLOGICAL_MARKER_4 AS date, SUM(T3.MEASUREMENT_VALUE_12) AS total_amount_paid FROM T2 JOIN T1 ON T2.IDENTIFIER_REFERENCE_7 = T1.IDENTIFIER_PRIMARY_1 JOIN T3 ON T2.IDENTIFIER_PRIMARY_5 = T3.IDENTIFIER_REFERENCE_10 GROUP BY T2.IDENTIFIER_PRIMARY_5 ORDER BY T1.CHRONOLOGICAL_MARKER_4","SELECT Order_Items.order_item_id AS id, Orders.date_order_placed AS date, SUM(Shipments.shipment_tracking_number) AS total_amount_paid FROM Order_Items JOIN Orders ON Order_Items.order_id = Orders.order_id JOIN Shipments ON Order_Items.order_item_id = Shipments.order_id GROUP BY Order_Items.order_item_id ORDER BY Orders.date_order_placed"
185,98,e_commerce,e_commerce,,,False,3,False,,llama3.1-8b,lexical,"SELECT T1.DESCRIBITIVE_ATTRIBUTE_3, T1.MEASUREMENT_VALUE_6 FROM T1","SELECT Products.DESCRIBITIVE_ATTRIBUTE_3, Products.product_size FROM Products"
186,99,e_commerce,e_commerce,,,False,1,True,,llama3.1-8b,lexical,"SELECT T1.DESCRIPTIVE_ATTRIBUTE_3, T1.MEASUREMENT_VALUE_6, T1.TEXT_FIELD_5 FROM T1","SELECT Products.product_name, Products.product_size, Products.product_color FROM Products"
187,108,e_commerce,e_commerce,,,False,1,True,,llama3.1-8b,lexical,"SELECT T1.DESCRIPTIVE_ATTRIBUTE_2, T2.TEXT_FIELD_8 FROM T1 JOIN T2 ON T1.IDENTIFIER_PRIMARY_1 = T2.IDENTIFIER_REFERENCE_7 WHERE T2.IDENTIFIER_REFERENCE_7 IN ( SELECT IDENTIFIER_REFERENCE_7 FROM T2 GROUP BY IDENTIFIER_REFERENCE_7 HAVING COUNT(TEXT_FIELD_8) >= 2 ) ORDER BY T2.TEXT_FIELD_8","SELECT Customers.gender_code, Customer_Payment_Methods.payment_method_code FROM Customers JOIN Customer_Payment_Methods ON Customers.customer_id = Customer_Payment_Methods.customer_id WHERE Customer_Payment_Methods.customer_id IN ( SELECT customer_id FROM Customer_Payment_Methods GROUP BY customer_id HAVING COUNT(payment_method_code) >= 2 ) ORDER BY Customer_Payment_Methods.payment_method_code"
188,109,e_commerce,e_commerce,,,False,1,True,,llama3.1-8b,lexical,SELECT T3.CHRONOLOGICAL_MARKER_12 FROM T3 JOIN T1 ON T3.IDENTIFIER_REFERENCE_10 = T1.IDENTIFIER_PRIMARY_1 JOIN T2 ON T2.IDENTIFIER_REFERENCE_7 = T1.IDENTIFIER_PRIMARY_1 GROUP BY T3.IDENTIFIER_PRIMARY_9 HAVING COUNT(T2.IDENTIFIER_REFERENCE_7) >= 2,SELECT Orders.date_order_placed FROM Orders JOIN Customers ON Orders.customer_id = Customers.customer_id JOIN Customer_Payment_Methods ON Customer_Payment_Methods.customer_id = Customers.customer_id GROUP BY Orders.order_id HAVING COUNT(Customer_Payment_Methods.customer_id) >= 2
189,110,e_commerce,e_commerce,,,False,1,True,,llama3.1-8b,lexical,SELECT DESCRIPTIVE_ATTRIBUTE_8 FROM T2 GROUP BY DESCRIPTIVE_ATTRIBUTE_8 ORDER BY COUNT(DESCRIPTIVE_ATTRIBUTE_8) ASC LIMIT 1,SELECT order_item_status_code FROM Order_Items GROUP BY order_item_status_code ORDER BY COUNT(order_item_status_code) ASC LIMIT 1
190,111,e_commerce,e_commerce,,,False,1,True,,llama3.1-8b,lexical,SELECT DESCRIPTIVE_ATTRIBUTE_8 FROM T2 GROUP BY DESCRIPTIVE_ATTRIBUTE_8 ORDER BY COUNT(DESCRIPTIVE_ATTRIBUTE_8) ASC LIMIT 1,SELECT order_item_status_code FROM Order_Items GROUP BY order_item_status_code ORDER BY COUNT(order_item_status_code) ASC LIMIT 1
191,120,bbc_channels,ERR,,,False,0,False,,,,,"ERR: RateLimitError('Error code: 429 - {\'message\': ""We\'re experiencing high traffic right now! Please try again soon."", \'type\': \'too_many_requests_error\', \'param\': \'queue\', \'code\': \'queue_exceeded\'}')"
192,135,bbc_channels,bbc_channels,,,False,3,False,,llama3.1-8b,lexical,"SELECT T1.IDENTIFIER_PRIMARY_1, T1.DESCRIPITIVE_ATTRIBUTE_2 FROM T1 WHERE T1.IDENTIFIER_PRIMARY_1 NOT IN ( SELECT T3.IDENTIFIER_REFERENCE_13 FROM T3 WHERE T3.DESCRIPITIVE_ATTRIBUTE_11 = 'Hank Baskett' )","SELECT channel.Channel_ID, channel.DESCRIPITIVE_ATTRIBUTE_2 FROM channel WHERE channel.Channel_ID NOT IN ( SELECT program.Channel_ID FROM program WHERE program.DESCRIPITIVE_ATTRIBUTE_11 = 'Hank Baskett' )"
193,144,tv_shows,tv_shows,,,False,1,True,,llama3.1-8b,lexical,"SELECT T2.DESCRIPTIVE_ATTRIBUTE_8, COUNT(*) as count FROM T1 JOIN T2 ON T1.IDENTIFIER_PRIMARY_1 = T2.IDENTIFIER_PRIMARY_6 WHERE T1.DESCRIPTIVE_ATTRIBUTE_2 = 'city channels' GROUP BY T2.DESCRIPTIVE_ATTRIBUTE_8 ORDER BY count DESC","SELECT city_channel_radio.Is_online, COUNT(*) as count FROM city_channel JOIN city_channel_radio ON city_channel.ID = city_channel_radio.City_channel_ID WHERE city_channel.City = 'city channels' GROUP BY city_channel_radio.Is_online ORDER BY count DESC"
194,148,tv_shows,tv_shows,,,False,3,False,,llama3.1-8b,lexical,"SELECT T2.TEXT_FIELD_7, T1.DESCRIPITIVE_ATTRIBUTE_2 FROM T3 JOIN T1 ON T3.IDENTIFIER_PRIMARY_12 = T1.IDENTIFIER_PRIMARY_1 JOIN T2 ON T3.IDENTIFIER_REFERENCE_13 = T2.IDENTIFIER_PRIMARY_6 ORDER BY T1.DESCRIPITIVE_ATTRIBUTE_4 DESC","SELECT radio.Transmitter, city_channel.DESCRIPITIVE_ATTRIBUTE_2 FROM city_channel_radio JOIN city_channel ON city_channel_radio.City_channel_ID = city_channel.ID JOIN radio ON city_channel_radio.Radio_ID = radio.Radio_ID ORDER BY city_channel.DESCRIPITIVE_ATTRIBUTE_4 DESC"
195,150,tv_shows,tv_shows,,,False,1,True,,llama3.1-8b,lexical,SELECT DISTINCT T3.DESCRIPTIVE_ATTRIBUTE_14 FROM T3 LEFT JOIN T2 ON T3.IDENTIFIER_REFERENCE_13 = T2.IDENTIFIER_PRIMARY_6 WHERE T2.TEXT_FIELD_7 IS NULL,SELECT DISTINCT city_channel_radio.Is_online FROM city_channel_radio LEFT JOIN radio ON city_channel_radio.Radio_ID = radio.Radio_ID WHERE radio.Transmitter IS NULL
196,151,vehicle_driver,vehicle_driver,,,False,1,True,,llama3.1-8b,lexical,"SELECT T1.TEXT_FIELD_6 FROM T1 WHERE T1.NUMERIC_FIELD_5 > 6000 ORDER BY CAST(REPLACE(REPLACE(T1.MEASUREMENT_VALUE_7, 'mph', ''), ',', '') AS REAL) DESC LIMIT 1","SELECT vehicle.Builder FROM vehicle WHERE vehicle.Power > 6000 ORDER BY CAST(REPLACE(REPLACE(vehicle.Total_Production, 'mph', ''), ',', '') AS REAL) DESC LIMIT 1"
197,152,vehicle_driver,vehicle_driver,,,False,1,True,,llama3.1-8b,lexical,SELECT T2.TEXT_FIELD_10 FROM T1 JOIN T3 ON T1.IDENTIFIER_PRIMARY_1 = T3.IDENTIFIER_REFERENCE_13 JOIN T2 ON T3.IDENTIFIER_PRIMARY_12 = T2.IDENTIFIER_PRIMARY_8 WHERE T1.NUMERIC_FIELD_4 > 6000 ORDER BY T1.NUMERIC_FIELD_5 DESC LIMIT 1,SELECT driver.Citizenship FROM vehicle JOIN vehicle_driver ON vehicle.Vehicle_ID = vehicle_driver.Vehicle_ID JOIN driver ON vehicle_driver.Driver_ID = driver.Driver_ID WHERE vehicle.Top_Speed > 6000 ORDER BY vehicle.Power DESC LIMIT 1
198,155,vehicle_driver,vehicle_driver,,,False,3,False,,llama3.1-8b,lexical,"SELECT T2.IDENTIFIER_PRIMARY_8, COUNT(T1.IDENTIFIER_PRIMARY_1) AS count FROM (SELECT T2.IDENTIFIER_PRIMARY_8, COUNT(T1.IDENTIFIER_PRIMARY_1) AS count FROM T3 JOIN T2 ON T3.IDENTIFIER_PRIMARY_12 = T2.IDENTIFIER_PRIMARY_8 JOIN T1 ON T3.IDENTIFIER_REFERENCE_13 = T1.IDENTIFIER_PRIMARY_1 GROUP BY T2.IDENTIFIER_PRIMARY_8 ORDER BY count DESC LIMIT 1) AS subquery","SELECT driver.Driver_ID, COUNT(vehicle.Vehicle_ID) AS count FROM (SELECT driver.Driver_ID, COUNT(vehicle.Vehicle_ID) AS count FROM vehicle_driver JOIN driver ON vehicle_driver.Driver_ID = driver.Driver_ID JOIN vehicle ON vehicle_driver.Vehicle_ID = vehicle.Vehicle_ID GROUP BY driver.Driver_ID ORDER BY count DESC LIMIT 1) AS subquery"
199,156,vehicle_driver,vehicle_driver,,,False,1,True,,llama3.1-8b,lexical,"SELECT T2.IDENTIFIER_PRIMARY_8, COUNT(T3.IDENTIFIER_REFERENCE_13) FROM T3 JOIN T2 ON T3.IDENTIFIER_PRIMARY_12 = T2.IDENTIFIER_PRIMARY_8 GROUP BY T2.IDENTIFIER_PRIMARY_8 ORDER BY COUNT(T3.IDENTIFIER_REFERENCE_13) DESC LIMIT 1","SELECT driver.Driver_ID, COUNT(vehicle_driver.Vehicle_ID) FROM vehicle_driver JOIN driver ON vehicle_driver.Driver_ID = driver.Driver_ID GROUP BY driver.Driver_ID ORDER BY COUNT(vehicle_driver.Vehicle_ID) DESC LIMIT 1"
200,159,vehicle_driver,vehicle_driver,,,False,1,True,,llama3.1-8b,lexical,SELECT IDENTIFIER_PRIMARY_1 FROM T1 GROUP BY TEXT_FIELD_6 ORDER BY COUNT(TEXT_FIELD_6) ASC LIMIT 1,SELECT Vehicle_ID FROM vehicle GROUP BY Builder ORDER BY COUNT(Builder) ASC LIMIT 1
201,160,vehicle_driver,vehicle_driver,,,False,1,True,,llama3.1-8b,lexical,SELECT T1.IDENTIFIER_PRIMARY_1 FROM T3 JOIN T1 ON T3.IDENTIFIER_REFERENCE_13 = T1.IDENTIFIER_PRIMARY_1 GROUP BY T1.IDENTIFIER_PRIMARY_1 ORDER BY COUNT(T1.NUMERIC_FIELD_4) ASC LIMIT 1,SELECT vehicle.Vehicle_ID FROM vehicle_driver JOIN vehicle ON vehicle_driver.Vehicle_ID = vehicle.Vehicle_ID GROUP BY vehicle.Vehicle_ID ORDER BY COUNT(vehicle.Top_Speed) ASC LIMIT 1
202,171,vehicle_driver,vehicle_driver,,,False,1,True,,llama3.1-8b,lexical,SELECT DISTINCT T2.DESCRIPTIVE_ATTRIBUTE_9 FROM T2 JOIN T3 ON T2.IDENTIFIER_PRIMARY_8 = T3.IDENTIFIER_PRIMARY_12 JOIN T1 ON T3.IDENTIFIER_REFERENCE_13 = T1.IDENTIFIER_PRIMARY_1 WHERE T1.NUMERIC_FIELD_4 > 5000,SELECT DISTINCT driver.Name FROM driver JOIN vehicle_driver ON driver.Driver_ID = vehicle_driver.Driver_ID JOIN vehicle ON vehicle_driver.Vehicle_ID = vehicle.Vehicle_ID WHERE vehicle.Top_Speed > 5000
203,172,vehicle_driver,vehicle_driver,,,False,1,True,,llama3.1-8b,lexical,SELECT DISTINCT T1.TEXT_FIELD_2 FROM T1 JOIN T3 ON T1.IDENTIFIER_PRIMARY_1 = T3.IDENTIFIER_REFERENCE_13 WHERE T1.MEASUREMENT_VALUE_7 > 5000,SELECT DISTINCT vehicle.Model FROM vehicle JOIN vehicle_driver ON vehicle.Vehicle_ID = vehicle_driver.Vehicle_ID WHERE vehicle.Total_Production > 5000
204,177,vehicle_driver,vehicle_driver,,,False,1,True,,llama3.1-8b,lexical,SELECT T2.DESCRIPTIVE_ATTRIBUTE_9 FROM T2 LEFT JOIN T3 ON T2.IDENTIFIER_PRIMARY_8 = T3.IDENTIFIER_PRIMARY_12 WHERE T3.IDENTIFIER_PRIMARY_12 IS NULL ORDER BY T2.DESCRIPTIVE_ATTRIBUTE_9 LIMIT 1,SELECT driver.Name FROM driver LEFT JOIN vehicle_driver ON driver.Driver_ID = vehicle_driver.Driver_ID WHERE vehicle_driver.Driver_ID IS NULL ORDER BY driver.Name LIMIT 1
205,178,vehicle_driver,vehicle_driver,,,False,1,True,,llama3.1-8b,lexical,SELECT T2.DESCRIPTIVE_ATTRIBUTE_9 FROM T2 LEFT JOIN T3 ON T2.IDENTIFIER_PRIMARY_8 = T3.IDENTIFIER_PRIMARY_12 WHERE T3.IDENTIFIER_REFERENCE_13 IS NULL,SELECT driver.Name FROM driver LEFT JOIN vehicle_driver ON driver.Driver_ID = vehicle_driver.Driver_ID WHERE vehicle_driver.Vehicle_ID IS NULL
206,179,vehicle_driver,vehicle_driver,,,False,3,False,,llama3.1-8b,lexical,"SELECT T2.IDENTIFIER_PRIMARY_8, T2.DESCRIBTIVE_ATTRIBUTE_9 FROM T2 JOIN T3 ON T2.IDENTIFIER_PRIMARY_8 = T3.IDENTIFIER_PRIMARY_12 JOIN T1 ON T3.IDENTIFIER_REFERENCE_13 = T1.IDENTIFIER_PRIMARY_1 WHERE T1.NUMERIC_FIELD_4 > 1 OR T2.DESCRIBTIVE_ATTRIBUTE_9 = 'Ziyang' GROUP BY T2.IDENTIFIER_PRIMARY_8, T2.DESCRIBTIVE_ATTRIBUTE_9","SELECT driver.Driver_ID, driver.DESCRIBTIVE_ATTRIBUTE_9 FROM driver JOIN vehicle_driver ON driver.Driver_ID = vehicle_driver.Driver_ID JOIN vehicle ON vehicle_driver.Vehicle_ID = vehicle.Vehicle_ID WHERE vehicle.Top_Speed > 1 OR driver.DESCRIBTIVE_ATTRIBUTE_9 = 'Ziyang' GROUP BY driver.Driver_ID, driver.DESCRIBTIVE_ATTRIBUTE_9"
207,180,vehicle_driver,vehicle_driver,,,False,1,True,,llama3.1-8b,lexical,"SELECT T1.IDENTIFIER_PRIMARY_1, T1.TEXT_FIELD_6 FROM T1 JOIN T3 ON T1.IDENTIFIER_PRIMARY_1 = T3.IDENTIFIER_REFERENCE_13 JOIN T2 ON T3.IDENTIFIER_PRIMARY_12 = T2.IDENTIFIER_PRIMARY_8 WHERE T2.DESCRIPTIVE_ATTRIBUTE_9 = 'Ziyang' OR T2.DESCRIPTIVE_ATTRIBUTE_9 IS NULL GROUP BY T1.IDENTIFIER_PRIMARY_1, T1.TEXT_FIELD_6 HAVING COUNT(T2.DESCRIPTIVE_ATTRIBUTE_9) = 2 ORDER BY T1.IDENTIFIER_PRIMARY_1","SELECT vehicle.Vehicle_ID, vehicle.Builder FROM vehicle JOIN vehicle_driver ON vehicle.Vehicle_ID = vehicle_driver.Vehicle_ID JOIN driver ON vehicle_driver.Driver_ID = driver.Driver_ID WHERE driver.Name = 'Ziyang' OR driver.Name IS NULL GROUP BY vehicle.Vehicle_ID, vehicle.Builder HAVING COUNT(driver.Name) = 2 ORDER BY vehicle.Vehicle_ID"
208,183,vehicle_driver,vehicle_driver,,,False,2,True,,llama3.1-8b,lexical,"SELECT SUM(count) FROM ( SELECT TEXT_FIELD_6, COUNT(*) AS count FROM T1 WHERE CHRONOLOGICAL_MARKER_3 = 'top speed' GROUP BY TEXT_FIELD_6 HAVING MAX(MEASUREMENT_VALUE_7) = (SELECT MAX(MEASUREMENT_VALUE_7) FROM T1 WHERE CHRONOLOGICAL_MARKER_3 = 'top speed') ) AS subquery","SELECT SUM(count) FROM ( SELECT Builder, COUNT(*) AS count FROM vehicle WHERE Build_Year = 'top speed' GROUP BY Builder HAVING MAX(Total_Production) = (SELECT MAX(Total_Production) FROM vehicle WHERE Build_Year = 'top speed') ) AS subquery"
209,184,vehicle_driver,vehicle_driver,,,False,1,True,,llama3.1-8b,lexical,SELECT COUNT(*) FROM T1 WHERE NUMERIC_FIELD_4 = (SELECT MAX(NUMERIC_FIELD_4) FROM T1),SELECT COUNT(*) FROM vehicle WHERE Top_Speed = (SELECT MAX(Top_Speed) FROM vehicle)
210,189,vehicle_driver,vehicle_driver,,,False,1,True,,llama3.1-8b,lexical,"SELECT T2.DESCRIPTIVE_ATTRIBUTE_9, T2.TEXT_FIELD_10 FROM T3 JOIN T2 ON T3.IDENTIFIER_PRIMARY_12 = T2.IDENTIFIER_PRIMARY_8 JOIN T1 ON T3.IDENTIFIER_REFERENCE_13 = T1.IDENTIFIER_PRIMARY_1 WHERE T1.TEXT_FIELD_6 = 'DJ1'","SELECT driver.Name, driver.Citizenship FROM vehicle_driver JOIN driver ON vehicle_driver.Driver_ID = driver.Driver_ID JOIN vehicle ON vehicle_driver.Vehicle_ID = vehicle.Vehicle_ID WHERE vehicle.Builder = 'DJ1'"
211,190,vehicle_driver,vehicle_driver,,,False,1,True,,llama3.1-8b,lexical,"SELECT T2.DESCRIPTIVE_ATTRIBUTE_9, T2.TEXT_FIELD_10 FROM T3 JOIN T2 ON T3.IDENTIFIER_PRIMARY_12 = T2.IDENTIFIER_PRIMARY_8 JOIN T1 ON T3.IDENTIFIER_REFERENCE_13 = T1.IDENTIFIER_PRIMARY_1 WHERE T1.TEXT_FIELD_6 = 'DJ1'","SELECT driver.Name, driver.Citizenship FROM vehicle_driver JOIN driver ON vehicle_driver.Driver_ID = driver.Driver_ID JOIN vehicle ON vehicle_driver.Vehicle_ID = vehicle.Vehicle_ID WHERE vehicle.Builder = 'DJ1'"
212,199,online_exams,online_exams,,,False,1,True,,llama3.1-8b,lexical,SELECT CHRONOLOGICAL_MARKER_3 FROM T1 WHERE TEXT_FIELD_2 LIKE '%data%' ORDER BY CHRONOLOGICAL_MARKER_3 DESC,SELECT Exam_Date FROM Exams WHERE Subject_Code LIKE '%data%' ORDER BY Exam_Date DESC
213,200,online_exams,online_exams,,,False,1,True,,llama3.1-8b,lexical,SELECT CHRONOLOGICAL_MARKER_3 FROM T1 WHERE TEXT_FIELD_2 LIKE '%data%' ORDER BY CHRONOLOGICAL_MARKER_3 DESC,SELECT Exam_Date FROM Exams WHERE Subject_Code LIKE '%data%' ORDER BY Exam_Date DESC
214,213,online_exams,online_exams,,,False,3,False,,llama3.1-8b,lexical,"SELECT T2.DESCRIPTIVE_ATTRIBUTE_2, COUNT(T2.DESCRIPTIVE_ATTRIBUTE_2) AS count FROM T2 JOIN T1 ON T2.IDENTIFIER_REFERENCE_10 = T1.IDENTIFIER_PRIMARY_1 GROUP BY T2.DESCRIPTIVE_ATTRIBUTE_2 ORDER BY count ASC LIMIT 1","SELECT Student_Answers.First_Name, COUNT(Student_Answers.First_Name) AS count FROM Student_Answers JOIN Students ON Student_Answers.Student_ID = Students.Student_ID GROUP BY Student_Answers.First_Name ORDER BY count ASC LIMIT 1"
215,214,online_exams,online_exams,,,False,1,True,,llama3.1-8b,lexical,"SELECT IDENTIFIER_PRIMARY_1, COUNT(IDENTIFIER_PRIMARY_1) AS frequency_count FROM T1 GROUP BY IDENTIFIER_PRIMARY_1 ORDER BY COUNT(IDENTIFIER_PRIMARY_1) ASC LIMIT 1","SELECT Student_Answer_ID, COUNT(Student_Answer_ID) AS frequency_count FROM Student_Assessments GROUP BY Student_Answer_ID ORDER BY COUNT(Student_Answer_ID) ASC LIMIT 1"
216,217,online_exams,online_exams,,,False,1,True,,llama3.1-8b,lexical,"SELECT TEXT_FIELD_12, COUNT(*) as count FROM T3 GROUP BY TEXT_FIELD_12 ORDER BY count DESC LIMIT 1","SELECT Student_Answer_Text, COUNT(*) as count FROM Student_Assessments GROUP BY Student_Answer_Text ORDER BY count DESC LIMIT 1"
217,218,online_exams,online_exams,,,False,1,True,,llama3.1-8b,lexical,SELECT TEXT_FIELD_12 FROM T3 GROUP BY TEXT_FIELD_12 ORDER BY COUNT(TEXT_FIELD_12) DESC LIMIT 1,SELECT Student_Answer_Text FROM Student_Assessments GROUP BY Student_Answer_Text ORDER BY COUNT(Student_Answer_Text) DESC LIMIT 1
218,225,online_exams,online_exams,,,False,3,False,,llama3.1-8b,lexical,SELECT T1.DESCRIPITIVE_ATTRIBUTE_2 FROM T1 WHERE T1.IDENTIFIER_PRIMARY_1 NOT IN (SELECT IDENTIFIER_REFERENCE_10 FROM T2),SELECT Students.DESCRIPITIVE_ATTRIBUTE_2 FROM Students WHERE Students.Student_ID NOT IN (SELECT Student_ID FROM Student_Answers)
219,226,online_exams,online_exams,,,False,3,False,,llama3.1-8b,lexical,SELECT T1.DESCRIPATIVE_ATTRIBUTE_2 FROM T1 LEFT JOIN T2 ON T1.IDENTIFIER_PRIMARY_1 = T2.IDENTIFIER_REFERENCE_10 WHERE T2.IDENTIFIER_REFERENCE_10 IS NULL,SELECT Students.DESCRIPATIVE_ATTRIBUTE_2 FROM Students LEFT JOIN Student_Answers ON Students.Student_ID = Student_Answers.Student_ID WHERE Student_Answers.Student_ID IS NULL
220,227,online_exams,online_exams,,,False,1,True,,llama3.1-8b,lexical,SELECT T3.TEXT_FIELD_12 FROM T3 JOIN T1 ON T3.IDENTIFIER_REFERENCE_11 = T1.IDENTIFIER_PRIMARY_1 JOIN T2 ON T1.IDENTIFIER_PRIMARY_1 = T2.IDENTIFIER_REFERENCE_6 WHERE T2.TEXT_FIELD_8 = 'Normal' AND T2.TEXT_FIELD_9 = 'Absent',SELECT Student_Assessments.Student_Answer_Text FROM Student_Assessments JOIN Valid_Answers ON Student_Assessments.Valid_Answer_ID = Valid_Answers.Valid_Answer_ID JOIN Student_Answers ON Valid_Answers.Valid_Answer_ID = Student_Answers.Student_ID WHERE Student_Answers.Comments = 'Normal' AND Student_Answers.Student_Answer_Text = 'Absent'
221,228,online_exams,online_exams,,,False,1,True,,llama3.1-8b,lexical,"SELECT T2.TEXT_FIELD_8 FROM T2 JOIN T1 ON T2.IDENTIFIER_REFERENCE_6 = T1.IDENTIFIER_PRIMARY_1 WHERE T1.TEXT_FIELD_3 IN ('Normal', 'Absent')","SELECT Student_Answers.Comments FROM Student_Answers JOIN Valid_Answers ON Student_Answers.Student_ID = Valid_Answers.Valid_Answer_ID WHERE Valid_Answers.Valid_Answer_Text IN ('Normal', 'Absent')"
222,249,customers_and_orders,customers_and_orders,,,False,1,True,,llama3.1-8b,lexical,SELECT DESCRIPTIVE_ATTRIBUTE_2 FROM T1 WHERE CURRENCY_AMOUNT_4 > (SELECT AVG(CURRENCY_AMOUNT_4) FROM T1),SELECT product_type_code FROM Products WHERE product_price > (SELECT AVG(product_price) FROM Products)
223,250,customers_and_orders,customers_and_orders,,,False,1,True,,llama3.1-8b,lexical,SELECT DESCRIPTIVE_ATTRIBUTE_2 FROM T1 WHERE CURRENCY_AMOUNT_4 > (SELECT AVG(CURRENCY_AMOUNT_4) FROM T1),SELECT product_type_code FROM Products WHERE product_price > (SELECT AVG(product_price) FROM Products)
224,253,customers_and_orders,customers_and_orders,,,False,1,True,,llama3.1-8b,lexical,"SELECT DESCRIPTIVE_ATTRIBUTE_3, MAX(CURRENCY_AMOUNT_4) FROM T1 WHERE DESCRIPTIVE_ATTRIBUTE_3 = 'Clothes' GROUP BY DESCRIPTIVE_ATTRIBUTE_3 ORDER BY MAX(CURRENCY_AMOUNT_4) DESC LIMIT 1","SELECT product_name, MAX(product_price) FROM Products WHERE product_name = 'Clothes' GROUP BY product_name ORDER BY MAX(product_price) DESC LIMIT 1"
225,254,customers_and_orders,customers_and_orders,,,False,1,True,,llama3.1-8b,lexical,SELECT DESCRIPTIVE_ATTRIBUTE_2 FROM T1 WHERE CURRENCY_AMOUNT_4 = (SELECT MAX(CURRENCY_AMOUNT_4) FROM T1),SELECT product_type_code FROM Products WHERE product_price = (SELECT MAX(product_price) FROM Products)
226,255,customers_and_orders,customers_and_orders,,,False,3,False,,llama3.1-8b,lexical,"SELECT T1.IDENTIFIER_PRIMARY_1, T1.DESCRIBITIVE_ATTRIBUTE_3 FROM T1 JOIN T2 ON T1.IDENTIFIER_PRIMARY_1 = T2.IDENTIFIER_REFERENCE_7 WHERE T2.MEASUREMENT_VALUE_8 = 'Hardware' ORDER BY T1.CURRENCY_AMOUNT_4 ASC LIMIT 1","SELECT Products.product_id, Products.DESCRIBITIVE_ATTRIBUTE_3 FROM Products JOIN Order_Items ON Products.product_id = Order_Items.product_id WHERE Order_Items.order_quantity = 'Hardware' ORDER BY Products.product_price ASC LIMIT 1"
227,256,customers_and_orders,customers_and_orders,,,False,1,True,,llama3.1-8b,lexical,"SELECT IDENTIFIER_PRIMARY_1, DESCRIPTIVE_ATTRIBUTE_2 FROM T1 WHERE DESCRIPTIVE_ATTRIBUTE_2 = 'Hardware' ORDER BY CURRENCY_AMOUNT_4 ASC LIMIT 1","SELECT product_id, product_type_code FROM Products WHERE product_type_code = 'Hardware' ORDER BY product_price ASC LIMIT 1"
