pos,test_idx,difficulty,category,exec_success_runtime,pred_sql,gold_sql
0,0,easy,extra_clause,True,SELECT COUNT(DISTINCT Club_ID) FROM club,SELECT count(*) FROM club
1,1,easy,other,True,SELECT count(*) FROM club,SELECT count(*) FROM club
2,2,easy,other,True,SELECT Name FROM club ORDER BY Name ASC,SELECT Name FROM club ORDER BY Name ASC
3,3,easy,other,True,SELECT Name FROM club ORDER BY Name ASC,SELECT Name FROM club ORDER BY Name ASC
4,6,easy,other,True,SELECT Name FROM club WHERE Manufacturer != 'Nike',"SELECT Name FROM club WHERE Manufacturer != ""Nike"""
5,7,easy,wrong_column,True,SELECT Name FROM club WHERE Club_ID NOT IN (SELECT Club_ID FROM player WHERE Name = 'Nike'),"SELECT Name FROM club WHERE Manufacturer != ""Nike"""
6,8,easy,other,True,SELECT player.Name FROM player ORDER BY player.Wins_count ASC,SELECT Name FROM player ORDER BY Wins_count ASC
7,9,easy,other,True,SELECT player.Name FROM player ORDER BY player.Wins_count ASC,SELECT Name FROM player ORDER BY Wins_count ASC
8,12,easy,other,True,SELECT DISTINCT player.Country FROM player WHERE player.Earnings > 1200000,SELECT DISTINCT Country FROM player WHERE Earnings  >  1200000
9,13,easy,wrong_column,True,SELECT DISTINCT club.Manager FROM club JOIN player ON club.Club_ID = player.Club_ID WHERE player.Events_number > 1200000,SELECT DISTINCT Country FROM player WHERE Earnings  >  1200000
10,28,easy,extra_clause,True,SELECT club.Manufacturer FROM club JOIN player ON club.Club_ID = player.Club_ID GROUP BY club.Manufacturer HAVING count(DISTINCT player.Name) > 1,SELECT Manufacturer FROM club GROUP BY Manufacturer HAVING COUNT(*)  >  1
11,29,easy,extra_clause,True,SELECT Manufacturer FROM club GROUP BY Manufacturer HAVING COUNT(DISTINCT Captain) > 1,SELECT Manufacturer FROM club GROUP BY Manufacturer HAVING COUNT(*)  >  1
12,30,easy,wrong_column,True,SELECT club.Name FROM club JOIN player ON club.Club_ID = player.Club_ID GROUP BY club.Name HAVING COUNT(player.Player_ID) > 1,SELECT Country FROM player GROUP BY Country HAVING COUNT(*)  >  1
13,31,easy,wrong_column,True,SELECT player.Country FROM player GROUP BY player.Country HAVING COUNT(player.Player_ID) > 1,SELECT Country FROM player GROUP BY Country HAVING COUNT(*)  >  1
14,36,easy,wrong_column,True,SELECT COUNT(DISTINCT player.Country) FROM player JOIN club ON player.Club_ID = club.Club_ID,SELECT COUNT (DISTINCT Country) FROM player
15,37,easy,other,True,SELECT COUNT(DISTINCT Country) FROM player,SELECT COUNT (DISTINCT Country) FROM player
16,78,easy,other,True,SELECT COUNT(DISTINCT Customers.customer_id) FROM Customers JOIN Orders ON Customers.customer_id = Orders.customer_id,SELECT count(DISTINCT customer_id) FROM Orders
17,79,easy,wrong_column,True,SELECT COUNT(DISTINCT Customers.customer_id) FROM Customers JOIN Orders ON Orders.customer_id = Customers.customer_id WHERE Orders.date_order_placed IS NOT NULL,SELECT count(DISTINCT customer_id) FROM Orders
18,80,easy,wrong_table,True,SELECT COUNT(DISTINCT shipment_tracking_number) FROM Orders JOIN Shipments ON Orders.order_id = Shipments.order_id,SELECT count(DISTINCT order_item_status_code) FROM Order_items
19,81,easy,wrong_column,True,SELECT COUNT(DISTINCT Order_Items.order_item_status_code) FROM Order_Items JOIN Orders ON Order_Items.order_id = Orders.order_id WHERE Orders.date_order_placed IS NOT NULL,SELECT count(DISTINCT order_item_status_code) FROM Order_items
20,82,easy,other,True,SELECT COUNT(DISTINCT payment_method_code) FROM Customer_Payment_Methods,SELECT count(DISTINCT Payment_method_code) FROM Customer_Payment_Methods
21,83,easy,other,True,SELECT COUNT(DISTINCT payment_method_code) FROM Customer_Payment_Methods,SELECT count(DISTINCT Payment_method_code) FROM Customer_Payment_Methods
22,100,easy,wrong_table,True,SELECT count(*) FROM Shipments,SELECT count(*) FROM Shipment_Items
23,101,easy,wrong_table,True,SELECT COUNT(DISTINCT Products.product_id) FROM Products JOIN Shipments ON Products.product_id = Shipments.order_id,SELECT count(*) FROM Shipment_Items
24,102,easy,other,True,SELECT AVG(product_price) FROM Products,SELECT avg(product_price) FROM Products
25,103,easy,other,True,SELECT AVG(product_price) FROM Products,SELECT avg(product_price) FROM Products
26,104,easy,wrong_table,True,SELECT AVG(product_price) FROM Products,SELECT avg(T1.product_price) FROM Products AS T1 JOIN Order_items AS T2 ON T1.product_id  =  T2.product_id
27,105,easy,wrong_table,True,SELECT AVG(product_price) FROM Products,SELECT avg(T1.product_price) FROM Products AS T1 JOIN Order_items AS T2 ON T1.product_id  =  T2.product_id
28,123,easy,wrong_column,True,SELECT COUNT(DISTINCT Internet) FROM channel WHERE Analogue_terrestrial_channel = 'terrestrial',SELECT count(DISTINCT Digital_terrestrial_channel) FROM channel
29,124,easy,other,True,SELECT Title FROM program ORDER BY Start_Year DESC,SELECT title FROM program ORDER BY start_year DESC
30,133,easy,other,True,SELECT Name FROM director WHERE Age BETWEEN 30 AND 60,SELECT name FROM director WHERE age BETWEEN 30 AND 60
31,136,easy,wrong_column,True,SELECT count(*) FROM radio WHERE Radio_MHz IS NOT NULL,SELECT count(*) FROM radio
32,137,easy,wrong_column,True,SELECT radio.Transmitter FROM radio JOIN city_channel_radio ON radio.Radio_ID = city_channel_radio.Radio_ID ORDER BY city_channel_radio.Is_online ASC,select transmitter from radio order by erp_kw asc
33,139,easy,wrong_column,True,SELECT Station_name FROM city_channel WHERE City IS NOT NULL AND Affiliation != 'ABC',"SELECT Station_name FROM city_channel WHERE Affiliation != ""ABC"""
34,142,easy,extra_clause,True,SELECT AVG(Is_online) FROM city_channel_radio JOIN radio ON city_channel_radio.Radio_ID = radio.Radio_ID GROUP BY radio.Radio_MHz,SELECT avg(ERP_kW) FROM radio
35,145,easy,extra_clause,True,SELECT Affiliation FROM city_channel GROUP BY Affiliation HAVING COUNT(DISTINCT City) > 3,SELECT Affiliation FROM city_channel GROUP BY Affiliation HAVING COUNT(*)  >  3
36,153,easy,wrong_column,True,SELECT driver.Name FROM driver JOIN vehicle_driver ON driver.Driver_ID = vehicle_driver.Driver_ID JOIN vehicle ON vehicle_driver.Vehicle_ID = vehicle.Vehicle_ID WHERE driver.Citizenship = 'United Stat,SELECT name FROM driver WHERE citizenship  =  'United States'
37,154,easy,wrong_column,True,SELECT driver.Name FROM driver JOIN vehicle_driver ON driver.Driver_ID = vehicle_driver.Driver_ID WHERE driver.Citizenship = 'United States',SELECT name FROM driver WHERE citizenship  =  'United States'
38,167,easy,extra_clause,True,SELECT count(DISTINCT vehicle_driver.Driver_ID) FROM driver JOIN vehicle_driver ON driver.Driver_ID = vehicle_driver.Driver_ID WHERE driver.Racing_Series = 'NASCAR',SELECT count(*) FROM driver WHERE Racing_Series  =  'NASCAR'
39,168,easy,extra_clause,True,SELECT COUNT(DISTINCT vehicle_driver.Driver_ID) FROM vehicle_driver JOIN driver ON vehicle_driver.Driver_ID = driver.Driver_ID WHERE driver.Racing_Series = 'NASCAR',SELECT count(*) FROM driver WHERE Racing_Series  =  'NASCAR'
40,169,easy,other,True,SELECT AVG(Top_Speed) FROM vehicle,SELECT avg(top_speed) FROM vehicle
41,170,easy,other,True,SELECT AVG(Top_Speed) FROM vehicle,SELECT avg(top_speed) FROM vehicle
42,185,easy,wrong_column,True,SELECT driver.Name FROM driver JOIN vehicle_driver ON driver.Driver_ID = vehicle_driver.Driver_ID ORDER BY driver.Name ASC,SELECT name FROM driver ORDER BY name
43,186,easy,other,True,SELECT driver.Name FROM driver ORDER BY driver.Name ASC,SELECT name FROM driver ORDER BY name
44,193,easy,wrong_column,True,SELECT count(*) FROM Exams WHERE Exam_Name IS NOT NULL,SELECT count(*) FROM Exams
45,194,easy,wrong_column,True,SELECT count(Exam_Name) FROM Exams WHERE Exam_Name IS NOT NULL,SELECT count(*) FROM Exams
46,195,easy,other,True,SELECT DISTINCT Subject_Code FROM Exams ORDER BY Subject_Code ASC,select distinct subject_code from exams order by subject_code asc
47,196,easy,other,True,SELECT DISTINCT Subject_Code FROM Exams ORDER BY Subject_Code ASC,SELECT DISTINCT Subject_Code FROM Exams ORDER BY Subject_Code
48,203,easy,wrong_column,True,"SELECT DISTINCT Student_Answers.Student_ID FROM Student_Answers WHERE Student_Answers.Student_Answer_Text = ""Normal""","SELECT DISTINCT Student_Answer_Text FROM Student_Answers WHERE Comments  =  ""Normal"""
49,204,easy,wrong_column,True,SELECT DISTINCT Student_Assessments.Student_Answer_Text FROM Student_Assessments JOIN Valid_Answers ON Student_Assessments.Valid_Answer_ID = Valid_Answers.Valid_Answer_ID JOIN Student_Answers ON Valid,"SELECT DISTINCT Student_Answer_Text FROM Student_Answers WHERE Comments  =  ""Normal"""
50,205,easy,wrong_column,True,SELECT COUNT(DISTINCT Student_Answer_Text) FROM Student_Answers,SELECT count(DISTINCT Comments) FROM Student_Answers
51,206,easy,wrong_column,True,SELECT COUNT(DISTINCT Student_Answer_Text) FROM Student_Answers WHERE Comments IS NOT NULL,SELECT count(DISTINCT Comments) FROM Student_Answers
52,219,easy,wrong_column,True,"SELECT Middle_Name FROM Students WHERE Gender_MFU != ""M""","SELECT Last_Name FROM Students WHERE Gender_MFU != ""M"""
53,220,easy,wrong_column,True,"SELECT Middle_Name FROM Students WHERE Gender_MFU != ""M""","SELECT Last_Name FROM Students WHERE Gender_MFU != ""M"""
54,229,easy,wrong_column,True,SELECT Questions.Type_of_Question_Code FROM Questions JOIN Questions_in_Exams ON Questions.Question_ID = Questions_in_Exams.Question_ID GROUP BY Questions.Type_of_Question_Code HAVING COUNT(*) >= 3,SELECT Type_of_Question_Code FROM Questions GROUP BY Type_of_Question_Code HAVING count(*)  >=  3
55,230,easy,wrong_column,True,SELECT Questions.Type_of_Question_Code FROM Questions JOIN Questions_in_Exams ON Questions.Question_ID = Questions_in_Exams.Question_ID GROUP BY Questions.Type_of_Question_Code HAVING COUNT(Questions_,SELECT Type_of_Question_Code FROM Questions GROUP BY Type_of_Question_Code HAVING count(*)  >=  3
56,231,easy,other,True,SELECT * FROM Students,SELECT * FROM Students
57,232,easy,wrong_column,True,"SELECT Students.Student_ID, Students.First_Name, Students.Middle_Name, Students.Last_Name, Students.Gender_MFU, Students.Student_Address FROM Students",SELECT * FROM Students
58,233,easy,wrong_column,True,SELECT COUNT(address_id) FROM Addresses,SELECT count(*) FROM Addresses
59,234,easy,wrong_column,True,SELECT count(address_id) FROM Addresses,SELECT count(*) FROM Addresses
60,237,easy,extra_clause,True,SELECT COUNT(DISTINCT product_name) FROM Products,SELECT count(*) FROM Products
61,238,easy,extra_clause,True,SELECT COUNT(DISTINCT product_name) FROM Products,SELECT count(*) FROM Products
62,241,easy,other,True,SELECT product_price FROM Products WHERE product_name = 'Monitor',"SELECT product_price FROM Products WHERE product_name  =  ""Monitor"""
63,242,easy,other,True,SELECT product_price FROM Products WHERE product_name = 'Monitor',"SELECT product_price FROM Products WHERE product_name  =  ""Monitor"""
64,245,easy,other,True,"SELECT avg(product_price) FROM Products WHERE product_type_code = ""Clothes""","SELECT avg(product_price) FROM Products WHERE product_type_code  =  ""Clothes"""
65,246,easy,other,True,SELECT AVG(product_price) FROM Products WHERE product_type_code = 'Clothes',"SELECT avg(product_price) FROM Products WHERE product_type_code  =  ""Clothes"""
66,247,easy,other,True,"SELECT COUNT(*) FROM Products WHERE product_type_code = ""hardware""","SELECT count(*) FROM Products WHERE product_type_code  =  ""Hardware"""
67,248,easy,wrong_column,True,SELECT COUNT(product_name) FROM Products WHERE product_type_code = 'Hardware',"SELECT count(*) FROM Products WHERE product_type_code  =  ""Hardware"""
68,257,easy,other,True,SELECT Products.product_name FROM Products ORDER BY Products.product_price DESC,SELECT product_name FROM Products ORDER BY product_price DESC
69,258,easy,other,True,SELECT product_name FROM Products ORDER BY product_price DESC,SELECT product_name FROM Products ORDER BY product_price DESC
70,265,easy,other,True,SELECT product_type_code FROM Products GROUP BY product_type_code HAVING count(*) >= 2,SELECT product_type_code FROM Products GROUP BY product_type_code HAVING count(*)  >=  2
71,266,easy,other,True,SELECT product_type_code FROM Products GROUP BY product_type_code HAVING COUNT(*) >= 2,SELECT product_type_code FROM Products GROUP BY product_type_code HAVING count(*)  >=  2
72,269,easy,extra_clause,True,SELECT COUNT(DISTINCT customer_phone) FROM Customers,SELECT count(*) FROM Customers
73,270,easy,extra_clause,True,SELECT COUNT(DISTINCT customer_phone) FROM Customers,SELECT count(*) FROM Customers
74,283,easy,wrong_column,True,SELECT DISTINCT customer_address FROM Customers,SELECT DISTINCT payment_method_code FROM Customers
75,284,easy,wrong_column,True,SELECT DISTINCT customer_address FROM Customers,SELECT DISTINCT payment_method_code FROM Customers
76,289,easy,wrong_column,True,SELECT COUNT(order_id) FROM Customer_Orders,SELECT count(*) FROM Customer_orders
77,290,easy,other,True,SELECT COUNT(*) FROM Customer_Orders,SELECT count(*) FROM Customer_orders
78,309,easy,wrong_column,True,SELECT COUNT(DISTINCT Customers.customer_phone) FROM Customers JOIN Customer_Orders ON Customers.customer_id = Customer_Orders.customer_id JOIN Order_Items ON Customer_Orders.order_id = Order_Items.or,SELECT count(DISTINCT customer_id) FROM Customer_orders
79,310,easy,wrong_column,True,SELECT COUNT(DISTINCT Customers.customer_phone) FROM Customers JOIN Customer_Orders ON Customers.customer_id = Customer_Orders.customer_id JOIN Order_Items ON Customer_Orders.order_id = Order_Items.or,SELECT count(DISTINCT customer_id) FROM Customer_orders
80,4,medium,other,True,"SELECT club.Manager, club.Captain FROM club","SELECT Manager ,  Captain FROM club"
81,5,medium,other,True,"SELECT club.Manager, club.Captain FROM club","SELECT Manager ,  Captain FROM club"
82,10,medium,other,True,SELECT player.Name FROM player ORDER BY player.Earnings DESC LIMIT 1,SELECT Name FROM player ORDER BY Earnings DESC LIMIT 1
83,11,medium,other,True,SELECT Name FROM player ORDER BY Earnings DESC LIMIT 1,SELECT Name FROM player ORDER BY Earnings DESC LIMIT 1
84,16,medium,wrong_column,True,"SELECT player.Name, club.Name FROM club JOIN player ON club.Club_ID = player.Club_ID","SELECT T2.Name ,  T1.Name FROM club AS T1 JOIN player AS T2 ON T1.Club_ID  =  T2.Club_ID"
85,17,medium,wrong_column,True,"SELECT player.Name, club.Name FROM player JOIN club ON player.Club_ID = club.Club_ID","SELECT T2.Name ,  T1.Name FROM club AS T1 JOIN player AS T2 ON T1.Club_ID  =  T2.Club_ID"
86,18,medium,wrong_column,True,SELECT club.Name FROM club JOIN player ON club.Club_ID = player.Club_ID WHERE player.Wins_count > 2,SELECT T1.Name FROM club AS T1 JOIN player AS T2 ON T1.Club_ID  =  T2.Club_ID WHERE T2.Wins_count  >  2
87,19,medium,extra_clause,True,"SELECT club.Name FROM club JOIN player ON club.Club_ID = player.Club_ID WHERE player.Events_number > 2 GROUP BY club.Club_ID, club.Name",SELECT T1.Name FROM club AS T1 JOIN player AS T2 ON T1.Club_ID  =  T2.Club_ID WHERE T2.Wins_count  >  2
88,20,medium,wrong_column,True,"SELECT player.Name FROM player JOIN club ON player.Club_ID = club.Club_ID WHERE club.Manager = ""Sam Allardyce""","SELECT T2.Name FROM club AS T1 JOIN player AS T2 ON T1.Club_ID  =  T2.Club_ID WHERE T1.Manager  =  ""Sam Allardyce"""
89,21,medium,wrong_column,True,"SELECT player.Name FROM club JOIN player ON club.Club_ID = player.Club_ID WHERE club.Name = ""Sam Allardyce""","SELECT T2.Name FROM club AS T1 JOIN player AS T2 ON T1.Club_ID  =  T2.Club_ID WHERE T1.Manager  =  ""Sam Allardyce"""
90,24,medium,wrong_column,True,"SELECT club.Manufacturer, count(*) FROM club JOIN player ON club.Club_ID = player.Club_ID GROUP BY club.Manufacturer","SELECT Manufacturer ,  COUNT(*) FROM club GROUP BY Manufacturer"
91,25,medium,wrong_column,True,"SELECT Manufacturer, COUNT(Club_ID) FROM club GROUP BY Manufacturer","SELECT Manufacturer ,  COUNT(*) FROM club GROUP BY Manufacturer"
92,38,medium,other,True,"SELECT Earnings FROM player WHERE Country = ""Australia"" OR Country = ""Zimbabwe""","SELECT Earnings FROM player WHERE Country  =  ""Australia"" OR Country  =  ""Zimbabwe"""
93,39,medium,wrong_column,True,"SELECT player.Earnings FROM player JOIN club ON player.Club_ID = club.Club_ID WHERE club.Name IN ('Australia', 'Zimbabwe')","SELECT Earnings FROM player WHERE Country  =  ""Australia"" OR Country  =  ""Zimbabwe"""
94,42,medium,wrong_column,True,"SELECT Orders.order_id, Orders.order_status_code, COUNT(Order_Items.order_item_id) FROM Orders JOIN Order_Items ON Orders.order_id = Order_Items.order_id GROUP BY Orders.order_id, Orders.order_status_","SELECT T1.order_id ,  T1.order_status_code ,  count(*) FROM Orders AS T1 JOIN Order_items AS T2 ON T1.order_id  =  T2.order_id GROUP BY T1.order_id"
95,43,medium,wrong_column,True,"SELECT Orders.order_id, COUNT(Products.product_id) AS product_count, Orders.order_status_code, Orders.date_order_placed FROM Orders LEFT JOIN Order_Items ON Orders.order_id = Order_Items.order_id LEFT","SELECT T1.order_id ,  T1.order_status_code ,  count(*) FROM Orders AS T1 JOIN Order_items AS T2 ON T1.order_id  =  T2.order_id GROUP BY T1.order_id"
96,50,medium,extra_clause,True,"SELECT Orders.order_id, Orders.date_order_placed FROM Orders JOIN Order_Items ON Orders.order_id = Order_Items.order_id GROUP BY Orders.order_id, Orders.date_order_placed HAVING COUNT(DISTINCT Order_I","SELECT T1.order_id ,  T1.date_order_placed FROM Orders AS T1 JOIN Order_items AS T2 ON T1.order_id  =  T2.order_id GROUP BY T1.order_id HAVING count(*)  >=  2"
97,51,medium,wrong_table,True,"SELECT Orders.order_id, Shipments.shipment_date FROM Orders JOIN Shipments ON Orders.order_id = Shipments.order_id GROUP BY Orders.order_id HAVING COUNT(DISTINCT Shipments.invoice_number) >= 2","SELECT T1.order_id ,  T1.date_order_placed FROM Orders AS T1 JOIN Order_items AS T2 ON T1.order_id  =  T2.order_id GROUP BY T1.order_id HAVING count(*)  >=  2"
98,60,medium,wrong_column,True,"SELECT Customers.gender_code, COUNT(Orders.order_id) FROM Customers JOIN Orders ON Customers.customer_id = Orders.customer_id GROUP BY Customers.gender_code","SELECT T1.gender_code ,  count(*) FROM Customers AS T1 JOIN Orders AS T2 ON T1.customer_id  =  T2.customer_id GROUP BY T1.gender_code"
99,61,medium,wrong_table,True,"SELECT Orders.order_status_code, COUNT(Orders.order_id) FROM Orders GROUP BY Orders.order_status_code","SELECT T1.gender_code ,  count(*) FROM Customers AS T1 JOIN Orders AS T2 ON T1.customer_id  =  T2.customer_id GROUP BY T1.gender_code"
100,62,medium,wrong_column,True,"SELECT Customers.gender_code, Customers.customer_first_name, Customers.customer_middle_initial, Customer_Payment_Methods.payment_method_code FROM Customers JOIN Customer_Payment_Methods ON Customers.c","SELECT T1.customer_first_name ,  T1.customer_middle_initial ,  T1.customer_last_name ,  T2.Payment_method_code FROM Customers AS T1 JOIN Customer_Payment_Methods AS T2 ON T1.customer_id  =  T2.custome"
101,63,medium,wrong_column,True,"SELECT Customers.gender_code, Customers.customer_middle_initial, Customers.customer_first_name, Customer_Payment_Methods.payment_method_code FROM Customers JOIN Customer_Payment_Methods ON Customers.c","SELECT T1.customer_first_name ,  T1.customer_middle_initial ,  T1.customer_last_name ,  T2.Payment_method_code FROM Customers AS T1 JOIN Customer_Payment_Methods AS T2 ON T1.customer_id  =  T2.custome"
102,64,medium,wrong_column,True,"SELECT Invoices.invoice_status_code, Orders.date_order_placed, Shipments.shipment_date FROM Invoices JOIN Orders ON Invoices.invoice_number = Orders.customer_id JOIN Shipments ON Orders.order_id = Shi","SELECT T1.invoice_status_code ,  T1.invoice_date ,  T2.shipment_date FROM Invoices AS T1 JOIN Shipments AS T2 ON T1.invoice_number  =  T2.invoice_number"
103,65,medium,wrong_column,True,"SELECT Invoices.invoice_status_code, Invoices.invoice_date, Shipments.shipment_date FROM Invoices JOIN Shipments ON Invoices.invoice_number = Shipments.invoice_number","SELECT T1.invoice_status_code ,  T1.invoice_date ,  T2.shipment_date FROM Invoices AS T1 JOIN Shipments AS T2 ON T1.invoice_number  =  T2.invoice_number"
104,68,medium,wrong_table,True,"SELECT Orders.order_status_code, Shipments.shipment_tracking_number FROM Orders JOIN Shipments ON Shipments.order_id = Orders.order_id WHERE Orders.date_order_placed IS NOT NULL AND Shipments.shipment","SELECT T1.order_item_status_code ,  T3.shipment_tracking_number FROM Order_items AS T1 JOIN Shipment_Items AS T2 ON T1.order_item_id  =  T2.order_item_id JOIN Shipments AS T3 ON T2.shipment_id  =  T3."
105,69,medium,wrong_table,True,"SELECT Shipments.shipment_tracking_number, Shipments.shipment_date FROM Invoices JOIN Orders ON Invoices.invoice_number = Shipments.invoice_number JOIN Shipments ON Orders.order_id = Shipments.order_i","SELECT T1.order_item_status_code ,  T3.shipment_tracking_number FROM Order_items AS T1 JOIN Shipment_Items AS T2 ON T1.order_item_id  =  T2.order_item_id JOIN Shipments AS T3 ON T2.shipment_id  =  T3."
106,84,medium,other,True,"SELECT login_name, login_password FROM Customers WHERE phone_number LIKE '+12%'","SELECT login_name ,  login_password FROM Customers WHERE phone_number LIKE '+12%'"
107,85,medium,wrong_column,True,"SELECT customer_first_name, login_password FROM Customers WHERE phone_number LIKE '+12%'","SELECT login_name ,  login_password FROM Customers WHERE phone_number LIKE '+12%'"
108,86,medium,other,True,SELECT product_size FROM Products WHERE product_name LIKE '%Dell%',SELECT product_size FROM Products WHERE product_name LIKE '%Dell%'
109,87,medium,other,True,SELECT Products.product_size FROM Products WHERE Products.product_name LIKE '%Dell%',SELECT product_size FROM Products WHERE product_name LIKE '%Dell%'
110,94,medium,wrong_column,True,"SELECT Orders.order_status_code, Shipments.shipment_date FROM Orders JOIN Shipments ON Orders.order_id = Shipments.order_id","SELECT order_status_code ,  date_order_placed FROM Orders"
111,95,medium,wrong_table,True,"SELECT Shipments.shipment_tracking_number, Shipments.shipment_date FROM Shipments","SELECT order_status_code ,  date_order_placed FROM Orders"
112,96,medium,wrong_column,True,"SELECT Customers.address_line_1, Customers.town_city, Customers.county FROM Customers WHERE Customers.email_address = 'USA'","SELECT address_line_1 ,  town_city ,  county FROM Customers WHERE Country  =  'USA'"
113,97,medium,wrong_column,True,"SELECT address_line_1, town_city, county FROM Customers WHERE email_address = 'United States'","SELECT address_line_1 ,  town_city ,  county FROM Customers WHERE Country  =  'USA'"
114,112,medium,wrong_column,True,"SELECT Products.product_id, Products.product_description FROM Products JOIN Order_Items ON Products.product_id = Order_Items.product_id JOIN Shipment_Items ON Order_Items.order_item_id = Shipment_Item","SELECT T1.product_id ,  T1.product_description FROM Products AS T1 JOIN Order_items AS T2 ON T1.product_id  =  T2.product_id GROUP BY T1.product_id HAVING count(*)  >  3"
115,113,medium,wrong_column,True,"SELECT Products.product_id, Products.product_description FROM Products JOIN Order_Items ON Products.product_id = Order_Items.product_id GROUP BY Products.product_id, Products.product_description HAVIN","SELECT T1.product_id ,  T1.product_description FROM Products AS T1 JOIN Order_items AS T2 ON T1.product_id  =  T2.product_id GROUP BY T1.product_id HAVING count(*)  >  3"
116,114,medium,wrong_column,True,"SELECT Invoices.invoice_number, Invoices.invoice_date FROM Invoices JOIN Shipments ON Shipments.invoice_number = Invoices.invoice_number GROUP BY Invoices.invoice_number, Invoices.invoice_date HAVING ","SELECT T1.invoice_date ,  T1.invoice_number FROM Invoices AS T1 JOIN Shipments AS T2 ON T1.invoice_number  =  T2.invoice_number GROUP BY T1.invoice_number HAVING count(*)  >=  2"
117,115,medium,wrong_column,True,"SELECT Invoices.invoice_number, Invoices.invoice_date FROM Invoices WHERE Invoices.invoice_number IN ( SELECT Shipments.invoice_number FROM Shipments GROUP BY Shipments.invoice_number HAVING COUNT(*) ","SELECT T1.invoice_date ,  T1.invoice_number FROM Invoices AS T1 JOIN Shipments AS T2 ON T1.invoice_number  =  T2.invoice_number GROUP BY T1.invoice_number HAVING count(*)  >=  2"
118,116,medium,other,True,"SELECT shipment_tracking_number, shipment_date FROM Shipments","SELECT shipment_tracking_number ,  shipment_date FROM Shipments"
119,117,medium,other,True,"SELECT Shipments.shipment_tracking_number, Shipments.shipment_date FROM Shipments","SELECT shipment_tracking_number ,  shipment_date FROM Shipments"
120,121,medium,other,True,SELECT Name FROM director ORDER BY Age DESC LIMIT 1,SELECT name FROM director ORDER BY age DESC LIMIT 1
121,122,medium,other,True,SELECT count(*) FROM channel WHERE Internet LIKE '%bbc%',"SELECT count(*) FROM channel WHERE internet LIKE ""%bbc%"""
122,127,medium,wrong_column,True,SELECT director.Name FROM director JOIN program ON director.Director_ID = program.Director_ID ORDER BY program.Start_Year DESC LIMIT 1,SELECT title FROM program ORDER BY start_year DESC LIMIT 1
123,128,medium,wrong_column,True,"SELECT channel.Name, channel.Internet FROM channel WHERE Channel_ID IN (SELECT program.Channel_ID FROM program GROUP BY program.Channel_ID HAVING COUNT(program.Program_ID) > 1)","SELECT t1.name ,  t1.internet FROM channel AS t1 JOIN program AS t2 ON t1.channel_id  =  t2.channel_id GROUP BY t1.channel_id HAVING count(*)  >  1"
124,129,medium,wrong_column,True,"SELECT channel.Internet, COUNT(program.Program_ID) FROM channel JOIN program ON channel.Channel_ID = program.Channel_ID GROUP BY channel.Internet","SELECT t1.name ,  count(*) FROM channel AS t1 JOIN program AS t2 ON t1.channel_id  =  t2.channel_id GROUP BY t1.channel_id"
125,131,medium,wrong_column,True,SELECT director.Name FROM director JOIN program ON director.Director_ID = program.Director_ID JOIN channel ON program.Channel_ID = channel.Channel_ID WHERE program.Title = 'Dracula',SELECT t2.name FROM program AS t1 JOIN director AS t2 ON t1.director_id  =  t2.director_id WHERE t1.title  =  'Dracula'
126,138,medium,wrong_column,True,"SELECT tv_show_name, Sub_tittle FROM tv_show","SELECT tv_show_name ,  Original_Airdate FROM tv_show"
127,140,medium,extra_clause,True,SELECT DISTINCT radio.Transmitter FROM radio JOIN city_channel_radio ON radio.Radio_ID = city_channel_radio.Radio_ID WHERE city_channel_radio.Is_online > 150 OR city_channel_radio.Is_online < 30,SELECT Transmitter FROM radio WHERE ERP_kW  >  150 OR ERP_kW  <  30
128,141,medium,wrong_column,True,SELECT radio.Transmitter FROM radio JOIN city_channel_radio ON radio.Radio_ID = city_channel_radio.Radio_ID ORDER BY city_channel_radio.Is_online DESC LIMIT 1,SELECT Transmitter FROM radio ORDER BY ERP_kW DESC LIMIT 1
129,143,medium,other,True,"SELECT Affiliation, COUNT(*) FROM city_channel GROUP BY Affiliation","SELECT Affiliation ,  COUNT(*) FROM city_channel GROUP BY Affiliation"
130,146,medium,other,True,"SELECT city_channel.City, city_channel.Station_name FROM city_channel ORDER BY city_channel.Station_name ASC","SELECT City ,  Station_name FROM city_channel ORDER BY Station_name ASC"
131,147,medium,wrong_column,True,"SELECT Transmitter, City FROM radio JOIN city_channel_radio ON radio.Radio_ID = city_channel_radio.Radio_ID JOIN city_channel ON city_channel_radio.City_channel_ID = city_channel.ID","SELECT T3.Transmitter ,  T2.City FROM city_channel_radio AS T1 JOIN city_channel AS T2 ON T1.City_channel_ID  =  T2.ID JOIN radio AS T3 ON T1.Radio_ID  =  T3.Radio_ID"
132,149,medium,wrong_column,True,"SELECT radio.Transmitter, COUNT(city_channel.City) AS city_count FROM radio JOIN city_channel_radio ON radio.Radio_ID = city_channel_radio.Radio_ID JOIN city_channel ON city_channel.ID = city_channel_","SELECT T2.Transmitter ,  COUNT(*) FROM city_channel_radio AS T1 JOIN radio AS T2 ON T1.Radio_ID  =  T2.Radio_ID GROUP BY T2.Transmitter"
133,157,medium,wrong_column,True,"SELECT MAX(Power), AVG(Power) FROM vehicle WHERE Model = 'Zhuzhou'","SELECT max(power) ,  avg(power) FROM vehicle WHERE builder  =  'Zhuzhou'"
134,158,medium,other,True,"SELECT MAX(Power), AVG(Power) FROM vehicle WHERE Builder = 'Zhuzhou'","SELECT max(power) ,  avg(power) FROM vehicle WHERE builder  =  'Zhuzhou'"
135,161,medium,wrong_column,True,"SELECT Top_Speed, Builder FROM vehicle WHERE Build_Year = ""1996""","SELECT top_speed ,  power FROM vehicle WHERE build_year  =  1996"
136,162,medium,wrong_column,True,"SELECT Top_Speed, Power FROM vehicle WHERE Builder = '1996'","SELECT top_speed ,  power FROM vehicle WHERE build_year  =  1996"
137,163,medium,other,True,"SELECT Build_Year, Model, Builder FROM vehicle","SELECT build_year ,  model ,  builder FROM vehicle"
138,164,medium,other,True,"SELECT vehicle.Build_Year, vehicle.Model, vehicle.Builder FROM vehicle","SELECT build_year ,  model ,  builder FROM vehicle"
139,165,medium,wrong_column,True,SELECT COUNT(DISTINCT vehicle_driver.Driver_ID) FROM vehicle JOIN vehicle_driver ON vehicle.Vehicle_ID = vehicle_driver.Vehicle_ID WHERE vehicle.Builder = '2012',SELECT count(DISTINCT T1.driver_id) FROM vehicle_driver AS T1 JOIN vehicle AS T2 ON T1.vehicle_id  =  T2.vehicle_id WHERE T2.build_year  =  2012
140,166,medium,wrong_column,True,SELECT COUNT(DISTINCT vehicle_driver.Driver_ID) FROM vehicle JOIN vehicle_driver ON vehicle.Vehicle_ID = vehicle_driver.Vehicle_ID WHERE vehicle.Builder = '2012',SELECT count(DISTINCT T1.driver_id) FROM vehicle_driver AS T1 JOIN vehicle AS T2 ON T1.vehicle_id  =  T2.vehicle_id WHERE T2.build_year  =  2012
141,173,medium,extra_clause,True,SELECT DISTINCT driver.Racing_Series FROM driver JOIN vehicle_driver ON driver.Driver_ID = vehicle_driver.Driver_ID JOIN vehicle ON vehicle_driver.Vehicle_ID = vehicle.Vehicle_ID GROUP BY driver.Racin,SELECT model FROM vehicle WHERE total_production  >  100 OR top_speed  >  150
142,174,medium,extra_clause,True,"SELECT vehicle.Model FROM vehicle JOIN vehicle_driver ON vehicle.Vehicle_ID = vehicle_driver.Vehicle_ID GROUP BY vehicle.Vehicle_ID, vehicle.Model HAVING SUM(vehicle.Total_Production) > 100 OR vehicle",SELECT model FROM vehicle WHERE total_production  >  100 OR top_speed  >  150
143,175,medium,wrong_column,True,"SELECT vehicle.Model, vehicle.Build_Year FROM vehicle JOIN driver ON vehicle.Vehicle_ID = vehicle_driver.Vehicle_ID JOIN vehicle_driver ON driver.Driver_ID = vehicle_driver.Driver_ID WHERE vehicle.Mod","SELECT model ,  build_year FROM vehicle WHERE model LIKE '%DJ%'"
144,176,medium,other,True,"SELECT vehicle.Model, vehicle.Build_Year FROM vehicle WHERE vehicle.Model LIKE '%DJ%'","SELECT model ,  build_year FROM vehicle WHERE model LIKE '%DJ%'"
145,187,medium,extra_clause,True,"SELECT Racing_Series, COUNT(DISTINCT Vehicle_ID) FROM driver JOIN vehicle_driver ON driver.Driver_ID = vehicle_driver.Driver_ID GROUP BY Racing_Series","SELECT count(*) ,  racing_series FROM driver GROUP BY racing_series"
146,188,medium,wrong_column,True,"SELECT driver.Name, COUNT(vehicle_driver.Driver_ID) FROM driver JOIN vehicle_driver ON driver.Driver_ID = vehicle_driver.Driver_ID GROUP BY driver.Name","SELECT count(*) ,  racing_series FROM driver GROUP BY racing_series"
147,197,medium,wrong_values,True,"SELECT Exams.Subject_Code, Exams.Exam_Date FROM Exams WHERE Exams.Exam_Name != ""Database""","SELECT Exam_Date ,  Exam_Name FROM Exams WHERE Subject_Code != 'Database'"
148,198,medium,wrong_values,True,"SELECT Exam_Date, Exam_Name FROM Exams WHERE Subject_Code != ""Database""","SELECT Exam_Date ,  Exam_Name FROM Exams WHERE Subject_Code != 'Database'"
149,201,medium,other,True,"SELECT Type_of_Question_Code, COUNT(*) FROM Questions GROUP BY Type_of_Question_Code","SELECT Type_of_Question_Code ,  COUNT(*) FROM Questions GROUP BY Type_of_Question_Code"
150,202,medium,other,True,"SELECT Type_of_Question_Code, COUNT(*) FROM Questions GROUP BY Type_of_Question_Code","SELECT Type_of_Question_Code ,  COUNT(*) FROM Questions GROUP BY Type_of_Question_Code"
151,207,medium,other,True,"SELECT Student_Answer_Text, COUNT(*) as count FROM Student_Answers GROUP BY Student_Answer_Text ORDER BY count DESC",SELECT Student_Answer_Text FROM Student_Answers GROUP BY Student_Answer_Text ORDER BY COUNT(*) DESC
152,208,medium,wrong_column,True,"SELECT Student_Answer_Text, COUNT(*) as frequency FROM Student_Answers GROUP BY Student_Answer_Text ORDER BY frequency DESC",SELECT Student_Answer_Text FROM Student_Answers GROUP BY Student_Answer_Text ORDER BY COUNT(*) DESC
153,209,medium,wrong_column,True,"SELECT Students.First_Name, Student_Answers.Date_of_Answer FROM Students JOIN Student_Answers ON Students.Student_ID = Student_Answers.Student_ID","SELECT T2.First_Name ,  T1.Date_of_Answer FROM Student_Answers AS T1 JOIN Students AS T2 ON T1.Student_ID  =  T2.Student_ID"
154,210,medium,wrong_column,True,"SELECT Students.First_Name, Student_Answers.Date_of_Answer FROM Students JOIN Student_Answers ON Students.Student_ID = Student_Answers.Student_ID JOIN Questions_in_Exams ON Student_Answers.Exam_ID = Q","SELECT T2.First_Name ,  T1.Date_of_Answer FROM Student_Answers AS T1 JOIN Students AS T2 ON T1.Student_ID  =  T2.Student_ID"
155,211,medium,wrong_column,True,"SELECT Students.Email_Adress, Student_Answers.Date_of_Answer FROM Students JOIN Student_Answers ON Student_Answers.Student_ID = Students.Student_ID ORDER BY Student_Answers.Date_of_Answer DESC","SELECT T2.Email_Adress ,  T1.Date_of_Answer FROM Student_Answers AS T1 JOIN Students AS T2 ON T1.Student_ID  =  T2.Student_ID ORDER BY T1.Date_of_Answer DESC"
156,212,medium,wrong_column,True,"SELECT Students.Email_Adress, Student_Answers.Date_of_Answer FROM Students JOIN Student_Answers ON Students.Student_ID = Student_Answers.Student_ID ORDER BY Student_Answers.Date_of_Answer DESC","SELECT T2.Email_Adress ,  T1.Date_of_Answer FROM Student_Answers AS T1 JOIN Students AS T2 ON T1.Student_ID  =  T2.Student_ID ORDER BY T1.Date_of_Answer DESC"
157,215,medium,wrong_column,True,SELECT Students.First_Name FROM Students JOIN Student_Answers ON Students.Student_ID = Student_Answers.Student_ID GROUP BY Students.Student_ID HAVING COUNT(Student_Answers.Student_Answer_ID) >= 2,SELECT T2.First_Name FROM Student_Answers AS T1 JOIN Students AS T2 ON T1.Student_ID  =  T2.Student_ID GROUP BY T1.Student_ID HAVING COUNT(*)  >=  2
158,216,medium,wrong_column,True,SELECT Students.First_Name FROM Students JOIN Student_Answers ON Student_Answers.Student_ID = Students.Student_ID GROUP BY Students.Student_ID HAVING COUNT(Student_Answers.Student_Answer_ID) >= 2,SELECT T2.First_Name FROM Student_Answers AS T1 JOIN Students AS T2 ON T1.Student_ID  =  T2.Student_ID GROUP BY T1.Student_ID HAVING COUNT(*)  >=  2
159,221,medium,wrong_column,True,"SELECT Gender_MFU, COUNT(Student_ID) FROM Students GROUP BY Gender_MFU","SELECT Gender_MFU ,  COUNT(*) FROM Students GROUP BY Gender_MFU"
160,14,hard,other,True,SELECT Country FROM player WHERE Wins_count > 2 ORDER BY Earnings DESC LIMIT 1,SELECT Country FROM player WHERE Wins_count  >  2 ORDER BY Earnings DESC LIMIT 1
161,15,hard,wrong_column,True,SELECT player.Country FROM player WHERE player.Wins_count > 2 ORDER BY player.Events_number DESC LIMIT 1,SELECT Country FROM player WHERE Wins_count  >  2 ORDER BY Earnings DESC LIMIT 1
162,22,hard,wrong_column,True,"SELECT club.Name FROM club JOIN player ON player.Club_ID = club.Club_ID GROUP BY club.Club_ID, club.Name ORDER BY AVG(player.Earnings) DESC",SELECT T1.Name FROM club AS T1 JOIN player AS T2 ON T1.Club_ID  =  T2.Club_ID GROUP BY T1.Club_ID ORDER BY avg(T2.Earnings) DESC
163,23,hard,wrong_column,True,"SELECT club.Name FROM club JOIN player ON player.Club_ID = club.Club_ID GROUP BY club.Club_ID, club.Name ORDER BY AVG(player.Earnings) DESC",SELECT T1.Name FROM club AS T1 JOIN player AS T2 ON T1.Club_ID  =  T2.Club_ID GROUP BY T1.Club_ID ORDER BY avg(T2.Earnings) DESC
164,26,hard,other,True,SELECT Manufacturer FROM club GROUP BY Manufacturer ORDER BY COUNT(*) DESC LIMIT 1,SELECT Manufacturer FROM club GROUP BY Manufacturer ORDER BY COUNT(*) DESC LIMIT 1
165,27,hard,other,True,SELECT Manufacturer FROM club GROUP BY Manufacturer ORDER BY COUNT(*) DESC LIMIT 1,SELECT Manufacturer FROM club GROUP BY Manufacturer ORDER BY COUNT(*) DESC LIMIT 1
166,32,hard,wrong_column,True,SELECT club.Name FROM club LEFT JOIN player ON player.Club_ID = club.Club_ID WHERE player.Events_number IS NULL,SELECT Name FROM club WHERE Club_ID NOT IN (SELECT Club_ID FROM player)
167,33,hard,wrong_column,True,SELECT t1.Name FROM club AS t1 LEFT JOIN player AS t2 ON t2.Club_ID = t1.Club_ID WHERE t2.Events_number IS NULL,SELECT Name FROM club WHERE Club_ID NOT IN (SELECT Club_ID FROM player)
168,34,hard,other,True,SELECT Country FROM player WHERE Earnings > 1400000 OR Earnings < 1100000,SELECT Country FROM player WHERE Earnings  >  1400000 INTERSECT SELECT Country FROM player WHERE Earnings  <  1100000
169,35,hard,extra_clause,True,SELECT Country FROM player GROUP BY Country HAVING SUM(CASE WHEN Earnings > 1400000 THEN 1 ELSE 0 END) > 0 AND SUM(CASE WHEN Earnings < 1100000 THEN 1 ELSE 0 END) > 0,SELECT Country FROM player WHERE Earnings  >  1400000 INTERSECT SELECT Country FROM player WHERE Earnings  <  1100000
170,44,hard,extra_clause,True,SELECT DISTINCT Shipments.shipment_date FROM Shipments JOIN Orders ON Shipments.order_id = Orders.order_id WHERE Shipments.shipment_date = (SELECT MIN(shipment_date) FROM Shipments) OR Orders.order_id,SELECT min(date_order_placed) FROM Orders UNION SELECT T1.date_order_placed FROM Orders AS T1 JOIN Order_items AS T2 ON T1.order_id  =  T2.order_id GROUP BY T1.order_id HAVING count(*)  >  1
171,45,hard,wrong_table,True,SELECT DISTINCT t7.shipment_date FROM Shipments AS t7 JOIN Shipment_Items AS t8 ON t8.shipment_id = t7.shipment_id WHERE t7.shipment_date = (SELECT MIN(shipment_date) FROM Shipments) OR t7.shipment_id,SELECT min(date_order_placed) FROM Orders UNION SELECT T1.date_order_placed FROM Orders AS T1 JOIN Order_items AS T2 ON T1.order_id  =  T2.order_id GROUP BY T1.order_id HAVING count(*)  >  1
172,49,hard,extra_clause,True,"SELECT Products.product_id, Products.product_name, Products.product_price, Products.product_color FROM Products JOIN Order_Items ON Order_Items.product_id = Products.product_id JOIN Orders ON Orders.o","select t1.product_id ,  t1.product_name ,  t1.product_price ,  t1.product_color from products as t1 join order_items as t2 on t1.product_id  =  t2.product_id join orders as t3 on t2.order_id  =  t3.or"
173,56,hard,other,True,SELECT payment_method_code FROM Customer_Payment_Methods GROUP BY payment_method_code ORDER BY COUNT(*) DESC LIMIT 1,SELECT Payment_method_code FROM Customer_Payment_Methods GROUP BY Payment_method_code ORDER BY count(*) DESC LIMIT 1
174,57,hard,extra_clause,True,SELECT Customer_Payment_Methods.payment_method_code FROM Customer_Payment_Methods JOIN Customers ON Customer_Payment_Methods.customer_id = Customers.customer_id GROUP BY Customer_Payment_Methods.payme,SELECT Payment_method_code FROM Customer_Payment_Methods GROUP BY Payment_method_code ORDER BY count(*) DESC LIMIT 1
175,58,hard,extra_clause,True,"SELECT t2.gender_code, COUNT(DISTINCT t1.product_name) FROM Customers AS t2 JOIN Orders AS t5 ON t5.customer_id = t2.customer_id JOIN Order_Items AS t6 ON t6.order_id = t5.order_id JOIN Products AS t1","SELECT T1.gender_code ,  count(*) FROM Customers AS T1 JOIN Orders AS T2 ON T1.customer_id  =  T2.customer_id JOIN Order_items AS T3 ON T2.order_id  =  T3.order_id GROUP BY T1.gender_code"
176,59,hard,extra_clause,True,"SELECT Customers.gender_code, COUNT(DISTINCT Products.product_name) AS product_name FROM Customers JOIN Orders ON Orders.customer_id = Customers.customer_id JOIN Order_Items ON Order_Items.order_id = ","SELECT T1.gender_code ,  count(*) FROM Customers AS T1 JOIN Orders AS T2 ON T1.customer_id  =  T2.customer_id JOIN Order_items AS T3 ON T2.order_id  =  T3.order_id GROUP BY T1.gender_code"
177,66,hard,wrong_table,True,"SELECT Products.product_name, Orders.date_order_placed FROM Order_Items JOIN Products ON Order_Items.product_id = Products.product_id JOIN Orders ON Order_Items.order_id = Orders.order_id","SELECT T1.product_name ,  T4.shipment_date FROM Products AS T1 JOIN Order_items AS T2 ON T1.product_id  =  T2.product_id JOIN Shipment_Items AS T3 ON T2.order_item_id  =  T3.order_item_id JOIN Shipmen"
178,67,hard,wrong_table,True,"SELECT t1.product_name, t7.shipment_date FROM Shipments AS t7 JOIN Order_Items AS t6 ON t7.shipment_id = t6.order_item_id JOIN Products AS t1 ON t6.product_id = t1.product_id","SELECT T1.product_name ,  T4.shipment_date FROM Products AS T1 JOIN Order_items AS T2 ON T1.product_id  =  T2.product_id JOIN Shipment_Items AS T3 ON T2.order_item_id  =  T3.order_item_id JOIN Shipmen"
179,70,hard,wrong_column,True,"SELECT Products.product_name, Order_Items.order_item_status_code FROM Shipments JOIN Shipment_Items ON Shipment_Items.shipment_id = Shipments.shipment_id JOIN Order_Items ON Order_Items.order_item_id ","SELECT T1.product_name ,  T1.product_color FROM Products AS T1 JOIN Order_items AS T2 ON T1.product_id  =  T2.product_id JOIN Shipment_Items AS T3 ON T2.order_item_id  =  T3.order_item_id JOIN Shipmen"
180,71,hard,extra_clause,True,"SELECT DISTINCT Products.product_name, Products.product_color FROM Shipments JOIN Shipment_Items ON Shipment_Items.shipment_id = Shipments.shipment_id JOIN Order_Items ON Order_Items.order_item_id = S","SELECT T1.product_name ,  T1.product_color FROM Products AS T1 JOIN Order_items AS T2 ON T1.product_id  =  T2.product_id JOIN Shipment_Items AS T3 ON T2.order_item_id  =  T3.order_item_id JOIN Shipmen"
181,74,hard,wrong_column,True,SELECT Invoices.invoice_status_code FROM Orders JOIN Shipments ON Shipments.order_id = Orders.order_id JOIN Invoices ON Invoices.invoice_number = Shipments.invoice_number WHERE Shipments.shipment_id I,SELECT invoice_status_code FROM Invoices WHERE invoice_number NOT IN ( SELECT invoice_number FROM Shipments )
182,75,hard,wrong_column,True,SELECT Invoices.invoice_status_code FROM Orders JOIN Shipments ON Shipments.order_id = Orders.order_id JOIN Invoices ON Shipments.invoice_number = Invoices.invoice_number WHERE Shipments.shipment_id I,SELECT invoice_status_code FROM Invoices WHERE invoice_number NOT IN ( SELECT invoice_number FROM Shipments )
183,76,hard,wrong_table,True,"SELECT Orders.order_id, Orders.date_order_placed, SUM(Order_Items.order_id) AS total_cost FROM Orders JOIN Order_Items ON Order_Items.order_id = Orders.order_id GROUP BY Orders.order_id, Orders.date_o","select t1.order_id ,  t1.date_order_placed ,  sum(t3.product_price) from orders as t1 join order_items as t2 on t1.order_id  =  t2.order_id join products as t3 on t2.product_id  =  t3.product_id group"
184,77,hard,wrong_table,True,"SELECT Orders.order_id, Orders.date_order_placed, SUM(Order_Items.order_id) AS total_amount_paid FROM Orders JOIN Order_Items ON Order_Items.order_id = Orders.order_id GROUP BY Orders.order_id, Orders","SELECT T1.order_id ,  T1.date_order_placed ,  sum(T3.product_price) FROM Orders AS T1 JOIN Order_items AS T2 ON T1.order_id  =  T2.order_id JOIN Products AS T3 ON T2.product_id  =  T3.product_id GROUP"
185,98,hard,wrong_column,True,"SELECT Customers.gender_code, Products.product_name FROM Order_Items JOIN Products ON Order_Items.product_id = Products.product_id JOIN Orders ON Order_Items.order_id = Orders.order_id JOIN Customers ","SELECT T1.customer_first_name ,  T4.product_name FROM Customers AS T1 JOIN Orders AS T2 ON T1.customer_id  =  T2.customer_id JOIN Order_items AS T3 ON T2.order_id  =  T3.order_id JOIN Products AS T4 O"
186,99,hard,wrong_column,True,"SELECT Customers.gender_code, Products.product_name FROM Order_Items JOIN Products ON Order_Items.product_id = Products.product_id JOIN Orders ON Order_Items.order_id = Orders.order_id JOIN Customers ","SELECT T1.customer_first_name ,  T4.product_name FROM Customers AS T1 JOIN Orders AS T2 ON T1.customer_id  =  T2.customer_id JOIN Order_items AS T3 ON T2.order_id  =  T3.order_id JOIN Products AS T4 O"
187,108,hard,extra_clause,True,SELECT DISTINCT Orders.date_order_placed FROM Orders JOIN Customers ON Orders.customer_id = Customers.customer_id WHERE Customers.customer_id IN ( SELECT Customer_Payment_Methods.customer_id FROM Cust,SELECT date_order_placed FROM Orders WHERE customer_id IN ( SELECT T1.customer_id FROM Customers AS T1 JOIN Customer_Payment_Methods AS T2 ON T1.customer_id  =  T2.customer_id GROUP BY T1.customer_id 
188,109,hard,extra_clause,True,SELECT DISTINCT t5.date_order_placed FROM Orders AS t5 JOIN Customers AS t2 ON t5.customer_id = t2.customer_id JOIN Customer_Payment_Methods AS t3 ON t3.customer_id = t2.customer_id GROUP BY t5.order_,SELECT date_order_placed FROM Orders WHERE customer_id IN ( SELECT T1.customer_id FROM Customers AS T1 JOIN Customer_Payment_Methods AS T2 ON T1.customer_id  =  T2.customer_id GROUP BY T1.customer_id 
189,110,hard,other,True,SELECT order_status_code FROM Orders GROUP BY order_status_code ORDER BY COUNT(*) ASC LIMIT 1,SELECT order_status_code FROM Orders GROUP BY order_status_code ORDER BY count(*) LIMIT 1
190,111,hard,other,True,SELECT order_status_code FROM Orders GROUP BY order_status_code ORDER BY COUNT(*) ASC LIMIT 1,SELECT order_status_code FROM Orders GROUP BY order_status_code ORDER BY count(*) LIMIT 1
191,120,hard,other,True,SELECT Name FROM director WHERE Age > (SELECT AVG(Age) FROM director),SELECT name FROM director WHERE age  >  (SELECT avg(age) FROM director)
192,135,hard,wrong_table,True,"SELECT Channel_ID, Internet FROM channel WHERE Digital_terrestrial_channel != 'Hank Baskett' OR Digital_terrestrial_channel IS NULL","SELECT t1.name ,  t1.channel_id FROM channel AS t1 JOIN director_admin AS t2 ON t1.channel_id  =  t2.channel_id JOIN director AS t3 ON t2.director_id  =  t3.director_id WHERE t3.name != ""Hank Baskett"""
193,144,hard,other,True,SELECT Affiliation FROM city_channel GROUP BY Affiliation ORDER BY COUNT(*) DESC LIMIT 1,SELECT Affiliation FROM city_channel GROUP BY Affiliation ORDER BY COUNT(*) DESC LIMIT 1
194,148,hard,wrong_column,True,"SELECT radio.Transmitter, tv_show.tv_show_name FROM city_channel_radio JOIN radio ON city_channel_radio.Radio_ID = radio.Radio_ID JOIN city_channel ON city_channel_radio.City_channel_ID = city_channel","SELECT T3.Transmitter ,  T2.Station_name FROM city_channel_radio AS T1 JOIN city_channel AS T2 ON T1.City_channel_ID  =  T2.ID JOIN radio AS T3 ON T1.Radio_ID  =  T3.Radio_ID ORDER BY T3.ERP_kW DESC"
195,150,hard,extra_clause,True,SELECT DISTINCT radio.Transmitter FROM radio WHERE radio.Radio_ID NOT IN ( SELECT DISTINCT city_channel_radio.Radio_ID FROM city_channel_radio JOIN city_channel ON city_channel_radio.City_channel_ID =,SELECT Transmitter FROM radio WHERE Radio_ID NOT IN (SELECT Radio_ID FROM city_channel_radio)
196,151,hard,other,True,SELECT Model FROM vehicle WHERE Power > 6000 ORDER BY Top_Speed DESC LIMIT 1,SELECT model FROM vehicle WHERE power  >  6000 ORDER BY top_speed DESC LIMIT 1
197,152,hard,wrong_column,True,SELECT Model FROM vehicle WHERE Builder > 6000 ORDER BY Top_Speed DESC LIMIT 1,SELECT model FROM vehicle WHERE power  >  6000 ORDER BY top_speed DESC LIMIT 1
198,155,hard,extra_clause,True,"SELECT t3.Driver_ID, COUNT(DISTINCT t1.Power) AS vehicle_count FROM vehicle_driver AS t3 JOIN vehicle AS t1 ON t3.Vehicle_ID = t1.Vehicle_ID GROUP BY t3.Driver_ID ORDER BY vehicle_count DESC LIMIT 1","SELECT count(*) ,  driver_id FROM vehicle_driver GROUP BY driver_id ORDER BY count(*) DESC LIMIT 1"
199,156,hard,wrong_column,True,"SELECT vehicle_driver.Driver_ID, SUM(vehicle.Power) AS vehicles_count FROM vehicle_driver JOIN vehicle ON vehicle_driver.Vehicle_ID = vehicle.Vehicle_ID GROUP BY vehicle_driver.Driver_ID ORDER BY vehi","SELECT count(*) ,  driver_id FROM vehicle_driver GROUP BY driver_id ORDER BY count(*) DESC LIMIT 1"
200,159,hard,wrong_table,True,SELECT vehicle.Vehicle_ID FROM vehicle ORDER BY vehicle.Power ASC LIMIT 1,SELECT vehicle_id FROM vehicle_driver GROUP BY vehicle_id ORDER BY count(*) ASC LIMIT 1
201,160,hard,wrong_column,True,SELECT vehicle.Power FROM vehicle JOIN vehicle_driver ON vehicle_driver.Vehicle_ID = vehicle.Vehicle_ID JOIN driver ON driver.Driver_ID = vehicle_driver.Driver_ID GROUP BY vehicle.Power ORDER BY COUNT,SELECT vehicle_id FROM vehicle_driver GROUP BY vehicle_id ORDER BY count(*) ASC LIMIT 1
202,171,hard,wrong_column,True,SELECT DISTINCT driver.Name FROM vehicle_driver JOIN driver ON vehicle_driver.Driver_ID = driver.Driver_ID JOIN vehicle ON vehicle_driver.Vehicle_ID = vehicle.Vehicle_ID WHERE vehicle.Top_Speed > 5000,select distinct t1.name from driver as t1 join vehicle_driver as t2 on t1.driver_id  =  t2.driver_id join vehicle as t3 on t2.vehicle_id  =  t3.vehicle_id where t3.power  >  5000
203,172,hard,wrong_column,True,SELECT DISTINCT driver.Name FROM driver JOIN vehicle_driver ON vehicle_driver.Driver_ID = driver.Driver_ID JOIN vehicle ON vehicle_driver.Vehicle_ID = vehicle.Vehicle_ID WHERE vehicle.Top_Speed > 5000,SELECT DISTINCT T1.Name FROM driver AS T1 JOIN vehicle_driver AS T2 ON T1.driver_id  =  T2.driver_id JOIN vehicle AS T3 ON T2.vehicle_id  =  T3.vehicle_id WHERE T3.power  >  5000
204,177,hard,wrong_column,True,SELECT Model FROM vehicle WHERE Vehicle_ID NOT IN ( SELECT vehicle_driver.Vehicle_ID FROM vehicle_driver ),SELECT model FROM vehicle EXCEPT SELECT T1.model FROM vehicle AS T1 JOIN vehicle_driver AS T2 ON T1.vehicle_id  =  T2.vehicle_id
205,178,hard,extra_clause,True,SELECT DISTINCT vehicle.Model FROM vehicle WHERE vehicle.Vehicle_ID NOT IN ( SELECT vehicle_driver.Vehicle_ID FROM vehicle_driver JOIN driver ON vehicle_driver.Driver_ID = driver.Driver_ID WHERE drive,SELECT model FROM vehicle EXCEPT SELECT T1.model FROM vehicle AS T1 JOIN vehicle_driver AS T2 ON T1.vehicle_id  =  T2.vehicle_id
206,179,hard,extra_clause,True,"SELECT DISTINCT t1.Power, t1.Model FROM vehicle AS t1 LEFT JOIN vehicle_driver AS t3 ON t3.Vehicle_ID = t1.Vehicle_ID GROUP BY t1.Vehicle_ID, t1.Power, t1.Model HAVING COUNT(DISTINCT t3.Driver_ID) = 2","SELECT T1.vehicle_id ,  T1.model FROM vehicle AS T1 JOIN vehicle_driver AS T2 ON T1.vehicle_id  =  T2.vehicle_id GROUP BY T2.vehicle_id HAVING count(*)  =  2 OR T1.builder  =  'Ziyang'"
207,180,hard,extra_clause,True,"SELECT vehicle.Vehicle_ID, vehicle.Model FROM vehicle WHERE vehicle.Vehicle_ID IN ( SELECT vehicle_driver.Vehicle_ID FROM vehicle_driver GROUP BY vehicle_driver.Vehicle_ID HAVING COUNT(DISTINCT vehicl","SELECT T1.vehicle_id ,  T1.model FROM vehicle AS T1 JOIN vehicle_driver AS T2 ON T1.vehicle_id  =  T2.vehicle_id GROUP BY T2.vehicle_id HAVING count(*)  =  2 OR T1.builder  =  'Ziyang'"
208,183,hard,other,True,SELECT COUNT(*) FROM vehicle WHERE Top_Speed = (SELECT MAX(Top_Speed) FROM vehicle),SELECT count(*) FROM vehicle WHERE top_speed  =  (SELECT max(top_speed) FROM vehicle)
209,184,hard,wrong_column,True,SELECT COUNT(Power) FROM vehicle WHERE Top_Speed = (SELECT MAX(Top_Speed) FROM vehicle),SELECT count(*) FROM vehicle WHERE top_speed  =  (SELECT max(top_speed) FROM vehicle)
210,189,hard,wrong_column,True,"SELECT driver.Name, driver.Citizenship FROM vehicle_driver JOIN driver ON vehicle_driver.Driver_ID = driver.Driver_ID JOIN vehicle ON vehicle_driver.Vehicle_ID = vehicle.Vehicle_ID WHERE vehicle.Model","SELECT T1.name ,  T1.citizenship FROM driver AS T1 JOIN vehicle_driver AS T2 ON T1.driver_id  =  T2.driver_id JOIN vehicle AS T3 ON T2.vehicle_id  =  T3.vehicle_id WHERE T3.model  =  'DJ1'"
211,190,hard,wrong_column,True,"SELECT driver.Name, driver.Citizenship FROM driver JOIN vehicle_driver ON driver.Driver_ID = vehicle_driver.Driver_ID JOIN vehicle ON vehicle.Vehicle_ID = vehicle_driver.Vehicle_ID WHERE vehicle.Model","SELECT T1.name ,  T1.citizenship FROM driver AS T1 JOIN vehicle_driver AS T2 ON T1.driver_id  =  T2.driver_id JOIN vehicle AS T3 ON T2.vehicle_id  =  T3.vehicle_id WHERE T3.model  =  'DJ1'"
212,199,hard,wrong_column,True,SELECT Exams.Exam_Date FROM Exams JOIN Questions_in_Exams ON Questions_in_Exams.Exam_ID = Exams.Exam_ID JOIN Questions ON Questions.Question_ID = Questions_in_Exams.Question_ID WHERE Questions.Type_of,SELECT Exam_Date FROM Exams WHERE Subject_Code LIKE '%data%' ORDER BY Exam_Date DESC
213,200,hard,wrong_column,True,SELECT Exams.Exam_Date FROM Questions_in_Exams JOIN Exams ON Questions_in_Exams.Exam_ID = Exams.Exam_ID JOIN Questions ON Questions_in_Exams.Question_ID = Questions.Question_ID WHERE LOWER(Questions.T,SELECT Exam_Date FROM Exams WHERE Subject_Code LIKE '%data%' ORDER BY Exam_Date DESC
214,213,hard,other,True,SELECT Assessment FROM Student_Assessments GROUP BY Assessment ORDER BY COUNT(*) ASC LIMIT 1,SELECT Assessment FROM Student_Assessments GROUP BY Assessment ORDER BY COUNT(*) ASC LIMIT 1
215,214,hard,other,True,SELECT Assessment FROM Student_Assessments GROUP BY Assessment ORDER BY COUNT(*) ASC LIMIT 1,SELECT Assessment FROM Student_Assessments GROUP BY Assessment ORDER BY COUNT(*) ASC LIMIT 1
216,217,hard,other,True,SELECT Valid_Answer_Text FROM Valid_Answers GROUP BY Valid_Answer_Text ORDER BY COUNT(*) DESC LIMIT 1,SELECT Valid_Answer_Text FROM Valid_Answers GROUP BY Valid_Answer_Text ORDER BY COUNT(*) DESC LIMIT 1
217,218,hard,other,True,SELECT Valid_Answer_Text FROM Valid_Answers GROUP BY Valid_Answer_Text ORDER BY COUNT(*) DESC LIMIT 1,SELECT Valid_Answer_Text FROM Valid_Answers GROUP BY Valid_Answer_Text ORDER BY COUNT(*) DESC LIMIT 1
218,225,hard,extra_clause,True,SELECT DISTINCT Students.First_Name FROM Students LEFT JOIN Student_Answers ON Student_Answers.Student_ID = Students.Student_ID WHERE Student_Answers.Comments IS NULL,SELECT First_Name FROM Students WHERE Student_ID NOT IN (SELECT Student_ID FROM Student_Answers)
219,226,hard,wrong_table,True,SELECT DISTINCT Exams.Exam_Name FROM Exams JOIN Questions_in_Exams ON Questions_in_Exams.Exam_ID = Exams.Exam_ID LEFT JOIN Student_Answers ON Student_Answers.Exam_ID = Questions_in_Exams.Exam_ID AND S,SELECT First_Name FROM Students WHERE Student_ID NOT IN (SELECT Student_ID FROM Student_Answers)
220,227,hard,extra_clause,True,"SELECT Student_Answers.Comments FROM Student_Answers WHERE Student_Answers.Satisfactory_YN IN ('Normal','Absent') GROUP BY Student_Answers.Comments HAVING COUNT(DISTINCT Student_Answers.Satisfactory_Y","SELECT Student_Answer_Text FROM Student_Answers WHERE Comments  =  ""Normal"" INTERSECT SELECT Student_Answer_Text FROM Student_Answers WHERE Comments  =  ""Absent"""
221,228,hard,extra_clause,True,"SELECT Student_Answers.Comments FROM Student_Answers WHERE Student_Answers.Student_Answer_Text IN ('Normal','Absent') GROUP BY Student_Answers.Comments HAVING COUNT(DISTINCT Student_Answers.Student_An","SELECT Student_Answer_Text FROM Student_Answers WHERE Comments  =  ""Normal"" INTERSECT SELECT Student_Answer_Text FROM Student_Answers WHERE Comments  =  ""Absent"""
222,249,hard,other,True,SELECT product_name FROM Products WHERE product_price > (SELECT AVG(product_price) FROM Products),SELECT product_name FROM Products WHERE product_price  >  (SELECT avg(product_price) FROM Products)
223,250,hard,other,True,SELECT product_name FROM Products WHERE product_price > (SELECT AVG(product_price) FROM Products),SELECT product_name FROM Products WHERE product_price  >  (SELECT avg(product_price) FROM Products)
224,253,hard,other,True,"SELECT product_name FROM Products WHERE product_type_code = ""Clothes"" ORDER BY product_price DESC LIMIT 1","SELECT product_name FROM Products WHERE product_type_code  =  ""Clothes"" ORDER BY product_price DESC LIMIT 1"
225,254,hard,other,True,SELECT product_type_code FROM Products WHERE product_name = 'Clothes' ORDER BY product_price DESC LIMIT 1,"SELECT product_name FROM Products WHERE product_type_code  =  ""Clothes"" ORDER BY product_price DESC LIMIT 1"
226,255,hard,other,True,"SELECT product_id, product_name FROM Products WHERE product_type_code = 'Hardware' ORDER BY product_price ASC LIMIT 1","SELECT product_id ,  product_name FROM Products WHERE product_type_code  =  ""Hardware"" ORDER BY product_price ASC LIMIT 1"
227,256,hard,other,True,"SELECT product_id, product_type_code FROM Products WHERE product_name = 'Hardware' ORDER BY product_price ASC LIMIT 1","SELECT product_id ,  product_name FROM Products WHERE product_type_code  =  ""Hardware"" ORDER BY product_price ASC LIMIT 1"
228,267,hard,wrong_column,True,SELECT product_type_code FROM Products GROUP BY product_type_code ORDER BY COUNT(product_name) DESC LIMIT 1,SELECT product_type_code FROM Products GROUP BY product_type_code ORDER BY count(*) DESC LIMIT 1
229,268,hard,other,True,SELECT product_type_code FROM Products GROUP BY product_type_code ORDER BY COUNT(*) DESC LIMIT 1,SELECT product_type_code FROM Products GROUP BY product_type_code ORDER BY count(*) DESC LIMIT 1
230,277,hard,extra_clause,True,SELECT Products.product_price FROM Order_Items JOIN Products ON Order_Items.product_id = Products.product_id JOIN Customer_Orders ON Order_Items.order_id = Customer_Orders.order_id JOIN Customers ON C,SELECT payment_method_code FROM Customers GROUP BY payment_method_code ORDER BY count(*) DESC LIMIT 1
231,278,hard,wrong_table,True,SELECT order_quantity FROM Order_Items GROUP BY order_quantity ORDER BY COUNT(*) DESC LIMIT 1,SELECT payment_method_code FROM Customers GROUP BY payment_method_code ORDER BY count(*) DESC LIMIT 1
232,279,hard,extra_clause,True,"SELECT DISTINCT t3.customer_phone, t5.order_quantity FROM Order_Items AS t5 JOIN Customer_Orders AS t4 ON t5.order_id = t4.order_id JOIN Customers AS t3 ON t4.customer_id = t3.customer_id WHERE t5.ord",SELECT customer_name FROM Customers WHERE payment_method_code  =  ( SELECT payment_method_code FROM Customers GROUP BY payment_method_code ORDER BY count(*) ASC LIMIT 1)
233,280,hard,missing_clause,True,SELECT Customers.customer_phone FROM Customers JOIN Customer_Orders ON Customer_Orders.customer_id = Customers.customer_id JOIN Order_Items ON Order_Items.order_id = Customer_Orders.order_id WHERE Ord,SELECT customer_name FROM Customers WHERE payment_method_code  =  ( SELECT payment_method_code FROM Customers GROUP BY payment_method_code ORDER BY count(*) ASC LIMIT 1)
234,287,hard,wrong_column,True,SELECT product_type_code FROM Products GROUP BY product_type_code ORDER BY COUNT(product_name) ASC LIMIT 1,SELECT product_type_code FROM Products GROUP BY product_type_code ORDER BY count(*) ASC LIMIT 1
235,288,hard,other,True,SELECT product_type_code FROM Products GROUP BY product_type_code ORDER BY COUNT(*) ASC LIMIT 1,SELECT product_type_code FROM Products GROUP BY product_type_code ORDER BY count(*) ASC LIMIT 1
236,299,hard,wrong_table,True,SELECT order_quantity FROM Order_Items GROUP BY order_quantity ORDER BY COUNT(*) DESC LIMIT 1,SELECT order_status_code FROM Customer_orders GROUP BY order_status_code ORDER BY count(*) DESC LIMIT 1
237,300,hard,wrong_table,True,SELECT order_quantity FROM Order_Items GROUP BY order_quantity ORDER BY COUNT(*) DESC LIMIT 1,SELECT order_status_code FROM Customer_orders GROUP BY order_status_code ORDER BY count(*) DESC LIMIT 1
238,303,hard,wrong_column,True,SELECT product_name FROM Products EXCEPT SELECT Products.product_name FROM Products JOIN Order_Items ON Order_Items.product_id = Products.product_id,SELECT product_name FROM Products EXCEPT SELECT T1.product_name FROM Products AS t1 JOIN Order_items AS T2 ON T1.product_id  =  T2.product_id
239,304,hard,extra_clause,True,SELECT DISTINCT Products.product_name FROM Products LEFT JOIN Order_Items ON Order_Items.product_id = Products.product_id WHERE Order_Items.order_quantity IS NULL,SELECT product_name FROM Products EXCEPT SELECT T1.product_name FROM Products AS t1 JOIN Order_items AS T2 ON T1.product_id  =  T2.product_id
240,40,extra,extra_clause,True,"SELECT t2.customer_id AS id, t2.town_city AS first_name, t2.county AS last_name FROM Customers AS t2 JOIN Orders AS t5 ON t5.customer_id = t2.customer_id JOIN Order_Items AS t6 ON t6.order_id = t5.ord","SELECT T1.customer_id ,  T1.customer_first_name ,  T1.customer_last_name FROM Customers AS T1 JOIN Orders AS T2 ON T1.customer_id  =  T2.customer_id GROUP BY T1.customer_id HAVING count(*)  >  2 INTER"
241,41,extra,extra_clause,True,"SELECT Customers.customer_id, Customers.gender_code, Customers.customer_first_name FROM Customers JOIN Orders ON Orders.customer_id = Customers.customer_id JOIN Order_Items ON Order_Items.order_id = O","SELECT T1.customer_id ,  T1.customer_first_name ,  T1.customer_last_name FROM Customers AS T1 JOIN Orders AS T2 ON T1.customer_id  =  T2.customer_id GROUP BY T1.customer_id HAVING count(*)  >  2 INTER"
242,46,extra,wrong_column,True,"SELECT gender_code, customer_first_name, customer_middle_initial FROM Customers WHERE customer_id NOT IN (SELECT customer_id FROM Orders)","SELECT customer_first_name ,  customer_middle_initial ,  customer_last_name FROM Customers EXCEPT SELECT T1.customer_first_name ,  T1.customer_middle_initial ,  T1.customer_last_name FROM Customers AS"
243,47,extra,wrong_column,True,"SELECT Customers.gender_code, Customers.customer_first_name, Customers.customer_middle_initial FROM Customers LEFT JOIN Orders ON Orders.customer_id = Customers.customer_id WHERE Orders.order_id IS NU","SELECT customer_first_name ,  customer_middle_initial ,  customer_last_name FROM Customers EXCEPT SELECT T1.customer_first_name ,  T1.customer_middle_initial ,  T1.customer_last_name FROM Customers AS"
244,48,extra,wrong_table,True,"SELECT Products.product_id, Products.product_name, Products.product_price, Products.product_color FROM Products LEFT JOIN Order_Items ON Order_Items.product_id = Products.product_id LEFT JOIN Shipment","SELECT product_id ,  product_name ,  product_price ,  product_color FROM Products EXCEPT SELECT T1.product_id ,  T1.product_name ,  T1.product_price ,  T1.product_color FROM Products AS T1 JOIN Order_"
245,52,extra,wrong_column,True,"SELECT t1.product_id, t1.product_name, t1.product_price FROM Order_Items AS t6 JOIN Products AS t1 ON t6.product_id = t1.product_id GROUP BY t1.product_id, t1.product_name, t1.product_price ORDER BY C","SELECT T1.product_id ,  T1.product_name ,  T1.product_price FROM Products AS T1 JOIN Order_items AS T2 ON T1.product_id  =  T2.product_id GROUP BY T1.product_id ORDER BY count(*) DESC LIMIT 1"
246,53,extra,missing_clause,True,"SELECT Products.product_id, Products.product_name, Products.product_price FROM Products JOIN Order_Items ON Order_Items.product_id = Products.product_id JOIN Shipment_Items ON Shipment_Items.order_ite","SELECT T1.product_id ,  T1.product_name ,  T1.product_price FROM Products AS T1 JOIN Order_items AS T2 ON T1.product_id  =  T2.product_id GROUP BY T1.product_id ORDER BY count(*) DESC LIMIT 1"
247,54,extra,wrong_column,True,"SELECT Orders.order_id, SUM(Products.product_price) AS sum_prices FROM Orders JOIN Order_Items ON Order_Items.order_id = Orders.order_id JOIN Products ON Products.product_id = Order_Items.product_id G","SELECT T1.order_id ,  sum(T2.product_price) FROM Order_items AS T1 JOIN Products AS T2 ON T1.product_id  =  T2.product_id GROUP BY T1.order_id ORDER BY sum(T2.product_price) ASC LIMIT 1"
248,55,extra,wrong_table,True,"SELECT Orders.order_id, SUM(Order_Items.order_id) AS total_cost FROM Orders JOIN Order_Items ON Order_Items.order_id = Orders.order_id GROUP BY Orders.order_id ORDER BY total_cost ASC LIMIT 1","select t1.order_id ,  sum(t2.product_price) from order_items as t1 join products as t2 on t1.product_id  =  t2.product_id group by t1.order_id order by sum(t2.product_price) asc limit 1"
249,72,extra,wrong_column,True,"SELECT DISTINCT Products.product_name, Products.product_price, Products.product_description FROM Order_Items JOIN Products ON Order_Items.product_id = Products.product_id JOIN Orders ON Order_Items.or","SELECT DISTINCT T1.product_name ,  T1.product_price ,  T1.product_description FROM Products AS T1 JOIN Order_items AS T2 ON T1.product_id  =  T2.product_id JOIN Orders AS T3 ON T2.order_id  =  T3.orde"
250,73,extra,wrong_column,True,"SELECT DISTINCT Products.product_name, Products.product_price, Products.product_description FROM Products JOIN Order_Items ON Order_Items.product_id = Products.product_id JOIN Orders ON Orders.order_i","SELECT DISTINCT T1.product_name ,  T1.product_price ,  T1.product_description FROM Products AS T1 JOIN Order_items AS T2 ON T1.product_id  =  T2.product_id JOIN Orders AS T3 ON T2.order_id  =  T3.orde"
251,88,extra,other,True,"SELECT product_price, product_size FROM Products WHERE product_price > (SELECT AVG(product_price) FROM Products)","SELECT product_price ,  product_size FROM Products WHERE product_price  >  ( SELECT avg(product_price) FROM Products )"
252,89,extra,other,True,"SELECT product_price, product_size FROM Products WHERE product_price > (SELECT AVG(product_price) FROM Products)","SELECT product_price ,  product_size FROM Products WHERE product_price  >  ( SELECT avg(product_price) FROM Products )"
253,90,extra,extra_clause,True,SELECT COUNT(DISTINCT t1.product_name) FROM Products AS t1 WHERE t1.product_id NOT IN ( SELECT t6.product_id FROM Order_Items AS t6 ),SELECT count(*) FROM Products WHERE product_id NOT IN ( SELECT product_id FROM Order_items )
254,91,extra,wrong_column,True,SELECT COUNT(*) FROM Products AS t1 LEFT JOIN Order_Items AS t6 ON t6.product_id = t1.product_id LEFT JOIN Shipment_Items AS t8 ON t8.order_item_id = t6.order_item_id WHERE t8.shipment_id IS NULL,SELECT count(*) FROM Products WHERE product_id NOT IN ( SELECT product_id FROM Order_items )
255,92,extra,extra_clause,True,SELECT COUNT(DISTINCT Customers.customer_id) FROM Customers LEFT JOIN Customer_Payment_Methods ON Customer_Payment_Methods.customer_id = Customers.customer_id WHERE Customer_Payment_Methods.payment_me,SELECT count(*) FROM Customers WHERE customer_id NOT IN ( SELECT customer_id FROM Customer_Payment_Methods )
256,93,extra,wrong_column,True,SELECT COUNT(*) FROM Customers AS t2 LEFT JOIN Customer_Payment_Methods AS t3 ON t3.customer_id = t2.customer_id WHERE t3.payment_method_code IS NULL,SELECT count(*) FROM Customers WHERE customer_id NOT IN ( SELECT customer_id FROM Customer_Payment_Methods )
257,106,extra,missing_clause,True,"SELECT email_address, town_city, county FROM Customers WHERE gender_code IN ( SELECT gender_code FROM Customers GROUP BY gender_code HAVING COUNT(*) = ( SELECT MIN(cnt) FROM ( SELECT COUNT(*) AS cnt F","SELECT email_address ,  town_city ,  county FROM Customers WHERE gender_code  =  ( SELECT gender_code FROM Customers GROUP BY gender_code ORDER BY count(*) ASC LIMIT 1 )"
258,107,extra,wrong_column,True,"SELECT Customers.email_address, Customers.town_city, Customers.county FROM Customers WHERE Customers.gender_code = ( SELECT Customers.gender_code FROM Customers JOIN Orders ON Orders.customer_id = Cus","SELECT email_address ,  town_city ,  county FROM Customers WHERE gender_code  =  ( SELECT gender_code FROM Customers GROUP BY gender_code ORDER BY count(*) ASC LIMIT 1 )"
259,118,extra,other,True,"SELECT product_color, product_description, product_size FROM Products WHERE product_price < (SELECT MAX(product_price) FROM Products)","SELECT product_color ,  product_description ,  product_size FROM Products WHERE product_price  <  ( SELECT max(product_price) FROM products )"
260,119,extra,other,True,"SELECT product_color, product_description, product_size FROM Products WHERE product_price < (SELECT MAX(product_price) FROM Products)","select product_color ,  product_description ,  product_size from products where product_price  !=  ( select max(product_price) from products )"
261,125,extra,wrong_column,True,SELECT director.Director_ID FROM program JOIN director ON program.Director_ID = director.Director_ID GROUP BY director.Director_ID ORDER BY COUNT(*) DESC LIMIT 1,SELECT t2.name FROM program AS t1 JOIN director AS t2 ON t1.director_id  =  t2.director_id GROUP BY t1.director_id ORDER BY count(*) DESC LIMIT 1
262,126,extra,wrong_column,True,"SELECT director.Name, director.Age FROM director JOIN program ON program.Director_ID = director.Director_ID GROUP BY director.Director_ID, director.Name, director.Age ORDER BY COUNT(program.Program_ID","SELECT t2.name ,  t2.age FROM program AS t1 JOIN director AS t2 ON t1.director_id  =  t2.director_id GROUP BY t1.director_id ORDER BY count(*) DESC LIMIT 1"
263,130,extra,extra_clause,True,SELECT COUNT(DISTINCT channel.Internet) FROM channel LEFT JOIN program ON program.Channel_ID = channel.Channel_ID WHERE program.Program_ID IS NULL,SELECT count(*) FROM channel WHERE channel_id NOT IN (SELECT channel_id FROM program)
264,132,extra,extra_clause,True,"SELECT channel.Name, channel.Internet FROM channel JOIN director_admin ON director_admin.Channel_ID = channel.Channel_ID GROUP BY channel.Channel_ID, channel.Name, channel.Internet ORDER BY COUNT(DIST","SELECT t1.name ,  t1.internet FROM channel AS t1 JOIN director_admin AS t2 ON t1.channel_id  =  t2.channel_id GROUP BY t1.channel_id ORDER BY count(*) DESC LIMIT 1"
265,134,extra,extra_clause,True,SELECT DISTINCT channel.Internet FROM channel JOIN director_admin ON director_admin.Channel_ID = channel.Channel_ID JOIN director ON director.Director_ID = director_admin.Director_ID WHERE director.Ag,SELECT t1.name FROM channel AS t1 JOIN director_admin AS t2 ON t1.channel_id  =  t2.channel_id JOIN director AS t3 ON t2.director_id  =  t3.director_id WHERE t3.age  <  40 INTERSECT SELECT t1.name FRO
266,181,extra,extra_clause,True,"SELECT DISTINCT t1.Power, t1.Model FROM vehicle AS t1 JOIN vehicle_driver AS t3 ON t3.Vehicle_ID = t1.Vehicle_ID JOIN driver AS t2 ON t2.Driver_ID = t3.Driver_ID GROUP BY t1.Vehicle_ID, t1.Power, t1.M","SELECT T1.vehicle_id ,  T1.model FROM vehicle AS T1 JOIN vehicle_driver AS T2 ON T1.vehicle_id  =  T2.vehicle_id JOIN driver AS T3 ON T2.driver_id  =  T3.driver_id WHERE T3.name  =  'Jeff Gordon' UNIO"
267,182,extra,extra_clause,True,"SELECT DISTINCT vehicle.Vehicle_ID, vehicle.Model FROM vehicle JOIN vehicle_driver ON vehicle_driver.Vehicle_ID = vehicle.Vehicle_ID JOIN driver ON driver.Driver_ID = vehicle_driver.Driver_ID GROUP BY","SELECT T1.vehicle_id ,  T1.model FROM vehicle AS T1 JOIN vehicle_driver AS T2 ON T1.vehicle_id  =  T2.vehicle_id JOIN driver AS T3 ON T2.driver_id  =  T3.driver_id WHERE T3.name  =  'Jeff Gordon' UNIO"
268,191,extra,other,True,SELECT COUNT(*) FROM driver LEFT JOIN vehicle_driver ON driver.Driver_ID = vehicle_driver.Driver_ID WHERE vehicle_driver.Driver_ID IS NULL,SELECT count(*) FROM driver WHERE driver_id NOT IN ( SELECT driver_id FROM vehicle_driver )
269,192,extra,wrong_column,True,SELECT COUNT(*) FROM driver AS t2 LEFT JOIN vehicle_driver AS t3 ON t2.Driver_ID = t3.Driver_ID WHERE t3.Driver_ID IS NULL,SELECT count(*) FROM driver WHERE driver_id NOT IN ( SELECT driver_id FROM vehicle_driver )
270,251,extra,other,True,SELECT product_name FROM Products WHERE product_type_code = 'hardware' AND product_price > (SELECT AVG(product_price) FROM Products WHERE product_type_code = 'hardware'),"SELECT product_name FROM Products WHERE product_type_code  =  ""Hardware"" AND product_price  >  (SELECT avg(product_price) FROM Products WHERE product_type_code  =  ""Hardware"")"
271,252,extra,other,True,SELECT product_type_code FROM Products WHERE product_name = 'Hardware' AND product_price > ( SELECT AVG(product_price) FROM Products WHERE product_name = 'Hardware' ),"SELECT product_name FROM Products WHERE product_type_code  =  ""Hardware"" AND product_price  >  (SELECT avg(product_price) FROM Products WHERE product_type_code  =  ""Hardware"")"
272,295,extra,wrong_column,True,"SELECT Customers.customer_id, Customers.customer_phone, Customers.customer_address, Customers.customer_email FROM Customers JOIN Customer_Orders ON Customer_Orders.customer_id = Customers.customer_id ","SELECT T1.customer_id ,  T2.customer_name ,  T2.customer_phone ,  T2.customer_email FROM Customer_orders AS T1 JOIN Customers AS T2 ON T1.customer_id  =  T2.customer_id GROUP BY T1.customer_id ORDER B"
273,296,extra,extra_clause,True,"SELECT t3.customer_id, t3.customer_phone, t3.customer_address, t3.customer_email FROM Customers AS t3 JOIN Customer_Orders AS t4 ON t4.customer_id = t3.customer_id JOIN Order_Items AS t5 ON t5.order_i","SELECT T1.customer_id ,  T2.customer_name ,  T2.customer_phone ,  T2.customer_email FROM Customer_orders AS T1 JOIN Customers AS T2 ON T1.customer_id  =  T2.customer_id GROUP BY T1.customer_id ORDER B"
274,301,extra,extra_clause,True,SELECT COUNT(DISTINCT Customers.customer_phone) FROM Customers LEFT JOIN Customer_Orders ON Customer_Orders.customer_id = Customers.customer_id LEFT JOIN Order_Items ON Order_Items.order_id = Customer,SELECT count(*) FROM Customers WHERE customer_id NOT IN  ( SELECT customer_id FROM Customer_orders)
275,302,extra,extra_clause,True,SELECT COUNT(DISTINCT Customers.customer_phone) FROM Customers LEFT JOIN Customer_Orders ON Customer_Orders.customer_id = Customers.customer_id LEFT JOIN Order_Items ON Order_Items.order_id = Customer,SELECT count(*) FROM Customers WHERE customer_id NOT IN  ( SELECT customer_id FROM Customer_orders)
276,313,extra,extra_clause,True,"SELECT DISTINCT Customer_Orders.order_date, Customer_Orders.order_id FROM Customer_Orders JOIN Order_Items ON Order_Items.order_id = Customer_Orders.order_id GROUP BY Customer_Orders.order_id, Custome","SELECT T1.order_date ,  T1.order_id FROM Customer_Orders AS T1 JOIN Order_items AS T2 ON T1.order_id  =  T2.order_id WHERE T2.order_quantity  >  6 UNION SELECT T1.order_date ,  T1.order_id FROM Custom"
277,314,extra,extra_clause,True,"SELECT DISTINCT Customer_Orders.order_id, Customer_Orders.order_date FROM Customer_Orders JOIN Order_Items ON Order_Items.order_id = Customer_Orders.order_id JOIN Products ON Order_Items.product_id = ","SELECT T1.order_date ,  T1.order_id FROM Customer_Orders AS T1 JOIN Order_items AS T2 ON T1.order_id  =  T2.order_id WHERE T2.order_quantity  >  6 UNION SELECT T1.order_date ,  T1.order_id FROM Custom"
278,337,extra,wrong_column,True,SELECT region.Capital FROM building JOIN region ON building.Region_ID = region.Region_ID GROUP BY region.Area ORDER BY COUNT(building.Name) DESC LIMIT 1,SELECT T2.capital FROM building AS T1 JOIN region AS T2 ON T1.Region_ID  =  T2.Region_ID GROUP BY T1.Region_ID ORDER BY COUNT(*) DESC LIMIT 1
279,338,extra,wrong_column,True,"SELECT region.Area, region.Capital FROM building JOIN region ON building.Region_ID = region.Region_ID GROUP BY region.Region_ID, region.Area, region.Capital ORDER BY COUNT(building.Name) DESC LIMIT 1",SELECT T2.capital FROM building AS T1 JOIN region AS T2 ON T1.Region_ID  =  T2.Region_ID GROUP BY T1.Region_ID ORDER BY COUNT(*) DESC LIMIT 1
280,365,extra,wrong_column,True,SELECT Customers.* FROM Customers_and_Services JOIN Customers ON Customers_and_Services.Customer_ID = Customers.Customer_ID GROUP BY Customers.Customer_ID ORDER BY COUNT(*) DESC LIMIT 1,SELECT t1.customer_details FROM customers AS t1 JOIN customers_and_services AS t2 ON t1.customer_id  =  t2.customer_id GROUP BY t1.customer_details ORDER BY count(*) DESC LIMIT 1
281,366,extra,extra_clause,True,"SELECT Customers.* FROM Customers_and_Services JOIN Customers ON Customers_and_Services.Customer_ID = Customers.Customer_ID GROUP BY Customers.Customer_ID, Customers.Customer_Details ORDER BY COUNT(DI",select t1.customer_details from customers as t1 join customers_and_services as t2 on t1.customer_id  =  t2.customer_id group by t1.customer_details order by count(*) desc limit 1
282,367,extra,wrong_table,True,SELECT Customers.Customer_Details FROM Customer_Interactions JOIN Customers ON Customer_Interactions.Customer_ID = Customers.Customer_ID JOIN Services ON Customer_Interactions.Service_ID = Services.Se,select t1.customer_details from customers as t1 join customers_and_services as t2 on t1.customer_id  =  t2.customer_id group by t1.customer_details order by count(*) desc limit 1
283,368,extra,extra_clause,True,"SELECT Customers.Customer_ID, Customers.Customer_Details FROM Customers JOIN Customers_and_Services ON Customers_and_Services.Customer_ID = Customers.Customer_ID JOIN Services ON Customers_and_Service",select t1.customer_details from customers as t1 join customers_and_services as t2 on t1.customer_id  =  t2.customer_id group by t1.customer_details order by count(*) desc limit 1
284,371,extra,wrong_table,True,SELECT Customers_and_Services.Customers_and_Services_Details FROM Customers_and_Services JOIN Services ON Customers_and_Services.Service_ID = Services.Service_ID WHERE Services.Service_Details IN ( SE,select distinct t1.customer_details from customers as t1 join customers_and_services as t2 on t1.customer_id  =  t2.customer_id where t2.service_id  =  (select service_id from services group by servic
285,372,extra,wrong_table,True,SELECT DISTINCT Customers_and_Services.Customers_and_Services_Details FROM Customers_and_Services JOIN Services ON Customers_and_Services.Service_ID = Services.Service_ID WHERE Services.Service_Detail,select distinct t1.customer_details from customers as t1 join customers_and_services as t2 on t1.customer_id  =  t2.customer_id where t2.service_id  =  (select service_id from services group by servic
286,377,extra,missing_clause,True,SELECT Service_Details FROM Services WHERE Service_ID IN ( SELECT Customers_and_Services.Service_ID FROM Customers_and_Services JOIN Customers ON Customers_and_Services.Customer_ID = Customers.Custome,SELECT DISTINCT t3.service_details FROM customers AS t1 JOIN customers_and_services AS t2 ON t1.customer_id  =  t2.customer_id JOIN services AS t3 ON t2.service_id  =  t3.service_id JOIN customer_inte
287,378,extra,wrong_column,True,"SELECT DISTINCT Services.Service_ID, Services.Service_Details FROM Services JOIN Customers_and_Services ON Customers_and_Services.Service_ID = Services.Service_ID JOIN Customers ON Customers.Customer_",SELECT DISTINCT t3.service_details FROM customers AS t1 JOIN customers_and_services AS t2 ON t1.customer_id  =  t2.customer_id JOIN services AS t3 ON t2.service_id  =  t3.service_id JOIN customer_inte
288,379,extra,wrong_table,True,SELECT DISTINCT Services.Service_Details FROM Services JOIN Customers_and_Services ON Customers_and_Services.Service_ID = Services.Service_ID JOIN Customers ON Customers.Customer_ID = Customers_and_Se,SELECT DISTINCT t3.service_details FROM customers AS t1 JOIN customers_and_services AS t2 ON t1.customer_id  =  t2.customer_id JOIN services AS t3 ON t2.service_id  =  t3.service_id JOIN customer_inte
289,380,extra,wrong_table,True,SELECT DISTINCT t1.* FROM Services AS t1 JOIN Customers_and_Services AS t4 ON t4.Service_ID = t1.Service_ID JOIN Customers AS t2 ON t4.Customer_ID = t2.Customer_ID JOIN Analytical_Layer AS t7 ON t7.Cu,SELECT DISTINCT t3.service_details FROM customers AS t1 JOIN customers_and_services AS t2 ON t1.customer_id  =  t2.customer_id JOIN services AS t3 ON t2.service_id  =  t3.service_id JOIN customer_inte
290,401,extra,wrong_column,True,"SELECT name, Type_of_powertrain, Combined_fuel_economy_rate FROM Vehicles WHERE Model_year IN (2013, 2014)","SELECT name ,  type_of_powertrain ,  annual_fuel_cost FROM vehicles WHERE model_year  =  2013 OR model_year  =  2014"
291,402,extra,wrong_column,True,"SELECT Customers.name, Vehicles.Type_of_powertrain, Vehicles.Annual_fuel_cost FROM Renting_history JOIN Customers ON Renting_history.customer_id = Customers.id JOIN Vehicles ON Renting_history.vehicle","SELECT name ,  type_of_powertrain ,  annual_fuel_cost FROM vehicles WHERE model_year  =  2013 OR model_year  =  2014"
292,429,extra,wrong_column,True,"SELECT Vehicles.name, Vehicles.Model_year FROM Renting_history JOIN Vehicles ON Renting_history.vehicles_id = Vehicles.id GROUP BY Vehicles.id, Vehicles.name, Vehicles.Model_year ORDER BY COUNT(Rentin","SELECT T2.name ,  T2.model_year FROM renting_history AS T1 JOIN vehicles AS T2 ON T1.vehicles_id  =  T2.id GROUP BY T2.id ORDER BY count(*) DESC LIMIT 1"
293,430,extra,wrong_column,True,"SELECT Vehicles.name, Vehicles.Model_year FROM Renting_history JOIN Vehicles ON Renting_history.vehicles_id = Vehicles.id GROUP BY Vehicles.id, Vehicles.name, Vehicles.Model_year ORDER BY COUNT(Rentin","SELECT T2.name ,  T2.model_year FROM renting_history AS T1 JOIN vehicles AS T2 ON T1.vehicles_id  =  T2.id GROUP BY T2.id ORDER BY count(*) DESC LIMIT 1"
294,433,extra,wrong_column,True,"SELECT Discount.name FROM Renting_history JOIN Discount ON Renting_history.discount_id = Discount.id GROUP BY Discount.id, Discount.name ORDER BY COUNT(*) DESC LIMIT 1",SELECT T2.name FROM renting_history AS T1 JOIN discount AS T2 ON T1.discount_id  =  T2.id GROUP BY T2.id ORDER BY count(*) DESC LIMIT 1
295,434,extra,wrong_column,True,"SELECT Discount.name FROM Renting_history JOIN Discount ON Renting_history.discount_id = Discount.id GROUP BY Discount.id, Discount.name ORDER BY COUNT(Renting_history.id) DESC LIMIT 1",SELECT T2.name FROM renting_history AS T1 JOIN discount AS T2 ON T1.discount_id  =  T2.id GROUP BY T2.id ORDER BY count(*) DESC LIMIT 1
296,441,extra,extra_clause,True,"SELECT Students.bio_data, Students.student_id FROM Students WHERE Students.student_id IN ( SELECT Classes.student_id FROM Classes GROUP BY Classes.student_id HAVING COUNT(DISTINCT Classes.class_detail","SELECT T1.bio_data ,  T1.student_id FROM Students AS T1 JOIN Classes AS T2 ON T1.student_id  =  T2.student_id GROUP BY T1.student_id HAVING count(*)  >=  2 UNION SELECT T1.bio_data ,  T1.student_id FR"
297,442,extra,extra_clause,True,"SELECT DISTINCT Students.bio_data, Students.student_id FROM Students LEFT JOIN Classes ON Classes.student_id = Students.student_id LEFT JOIN Detention ON Detention.student_id = Students.student_id GRO","SELECT T1.bio_data ,  T1.student_id FROM Students AS T1 JOIN Classes AS T2 ON T1.student_id  =  T2.student_id GROUP BY T1.student_id HAVING count(*)  >=  2 UNION SELECT T1.bio_data ,  T1.student_id FR"
298,443,extra,extra_clause,True,SELECT DISTINCT Teachers.* FROM Teachers JOIN Classes ON Classes.teacher_id = Teachers.teacher_id JOIN Students ON Classes.student_id = Students.student_id WHERE Classes.class_details LIKE '%data%' AN,SELECT T1.teacher_details FROM Teachers AS T1 JOIN Classes AS T2 ON T1.teacher_id  =  T2.teacher_id WHERE T2.class_details LIKE '%data%' EXCEPT SELECT T1.teacher_details FROM Teachers AS T1 JOIN Class
299,444,extra,extra_clause,True,SELECT DISTINCT t10.* FROM Teachers AS t10 JOIN Classes AS t12_data ON t12_data.teacher_id = t10.teacher_id JOIN Students AS t1_data ON t1_data.student_id = t12_data.student_id WHERE t1_data.bio_data ,SELECT T1.teacher_details FROM Teachers AS T1 JOIN Classes AS T2 ON T1.teacher_id  =  T2.teacher_id WHERE T2.class_details LIKE '%data%' EXCEPT SELECT T1.teacher_details FROM Teachers AS T1 JOIN Class
300,447,extra,wrong_column,True,"SELECT Student_Loans.amount_of_loan, Student_Loans.date_of_loan FROM Students JOIN Achievements ON Achievements.student_id = Students.student_id JOIN Student_Loans ON Student_Loans.student_id = Studen","SELECT amount_of_loan ,  date_of_loan FROM Student_Loans WHERE student_id IN ( SELECT student_id FROM Achievements GROUP BY student_id HAVING count(*)  >=  2 )"
301,448,extra,wrong_column,True,"SELECT Student_Loans.amount_of_loan, Student_Loans.date_of_loan FROM Students JOIN Student_Loans ON Student_Loans.student_id = Students.student_id JOIN Achievements ON Achievements.student_id = Studen","SELECT amount_of_loan ,  date_of_loan FROM Student_Loans WHERE student_id IN ( SELECT student_id FROM Achievements GROUP BY student_id HAVING count(*)  >=  2 )"
302,449,extra,wrong_column,True,"SELECT t12.class_details, t10.teacher_id FROM Classes AS t12 JOIN Teachers AS t10 ON t12.teacher_id = t10.teacher_id GROUP BY t10.teacher_id, t12.class_details ORDER BY COUNT(*) DESC LIMIT 1","SELECT T1.teacher_details ,  T1.teacher_id FROM Teachers AS T1 JOIN Classes AS T2 ON T1.teacher_id  =  T2.teacher_id GROUP BY T1.teacher_id ORDER BY count(*) DESC LIMIT 1"
303,450,extra,wrong_column,True,"SELECT Classes.class_details, Teachers.teacher_id FROM Teachers JOIN Classes ON Classes.teacher_id = Teachers.teacher_id GROUP BY Teachers.teacher_id, Classes.class_details ORDER BY COUNT(*) DESC LIMI","SELECT T1.teacher_details ,  T1.teacher_id FROM Teachers AS T1 JOIN Classes AS T2 ON T1.teacher_id  =  T2.teacher_id GROUP BY T1.teacher_id ORDER BY count(*) DESC LIMIT 1"
304,461,extra,extra_clause,True,"SELECT DISTINCT t1.bio_data, t12.class_details FROM Behaviour_Monitoring AS t3 JOIN Students AS t1 ON t3.student_id = t1.student_id JOIN Classes AS t12 ON t12.student_id = t1.student_id WHERE t3.behav","SELECT T1.bio_data ,  T1.student_details FROM Students AS T1 JOIN Behaviour_Monitoring AS T2 ON T1.student_id  =  T2.student_id WHERE T2.behaviour_monitoring_details IN ( SELECT behaviour_monitoring_d"
305,462,extra,missing_clause,True,"SELECT Students.bio_data, Classes.class_details FROM Students JOIN Classes ON Classes.student_id = Students.student_id WHERE Classes.teacher_id IN ( SELECT teacher_id FROM Classes GROUP BY teacher_id ","SELECT T1.bio_data ,  T1.student_details FROM Students AS T1 JOIN Behaviour_Monitoring AS T2 ON T1.student_id  =  T2.student_id WHERE T2.behaviour_monitoring_details IN ( SELECT behaviour_monitoring_d"
306,463,extra,extra_clause,True,"SELECT Students.student_id, Students.bio_data, Students.student_details FROM Students JOIN Behaviour_Monitoring ON Behaviour_Monitoring.student_id = Students.student_id GROUP BY Students.student_id, S",SELECT T1.bio_data FROM Students AS T1 JOIN Behaviour_Monitoring AS T2 ON T1.student_id  =  T2.student_id WHERE T2.behaviour_monitoring_details IN ( SELECT behaviour_monitoring_details FROM Behaviour_
307,464,extra,wrong_table,True,SELECT Students.bio_data FROM Students JOIN Classes ON Classes.student_id = Students.student_id WHERE Classes.class_details = ( SELECT Classes.class_details FROM Classes GROUP BY Classes.class_details,select t1.bio_data from students as t1 join behaviour_monitoring as t2 on t1.student_id  =  t2.student_id where t2.behaviour_monitoring_details in ( select behaviour_monitoring_details from behaviour_
308,467,extra,wrong_table,True,"SELECT COUNT(*) AS number, Ref_Event_Types.event_type_description AS event_type, Classes.class_details AS description FROM Student_Events JOIN Ref_Event_Types ON Student_Events.event_type_code = Ref_E","SELECT count(*) ,  T2.event_type_code ,  T3.event_type_description FROM Students AS T1 JOIN Student_Events AS T2 ON T1.student_id  =  T2.student_id JOIN Ref_Event_Types AS T3 ON T2.event_type_code  = "
309,468,extra,extra_clause,True,"SELECT COUNT(DISTINCT Students.student_details) AS num_students, Ref_Event_Types.event_type_code AS event_type_code, Ref_Event_Types.event_type_description AS event_type_description FROM Student_Event","SELECT count(*) ,  T2.event_type_code ,  T3.event_type_description FROM Students AS T1 JOIN Student_Events AS T2 ON T1.student_id  =  T2.student_id JOIN Ref_Event_Types AS T3 ON T2.event_type_code  = "
310,471,extra,wrong_table,True,SELECT COUNT(DISTINCT Classes.teacher_id) FROM Student_Loans JOIN Classes ON Student_Loans.student_id = Classes.student_id LEFT JOIN Achievements ON Student_Loans.student_id = Achievements.student_id ,SELECT count(DISTINCT T1.teacher_id) FROM Teachers AS T1 JOIN Classes AS T2 ON T1.teacher_id  =  T2.teacher_id WHERE T2.student_id NOT IN ( SELECT student_id FROM Achievements )
311,472,extra,wrong_column,True,SELECT COUNT(DISTINCT t10.teacher_id) FROM Teachers AS t10 JOIN Classes AS t12 ON t12.teacher_id = t10.teacher_id JOIN Students AS s ON s.student_id = t12.student_id WHERE s.student_id NOT IN ( SELECT,SELECT count(DISTINCT T1.teacher_id) FROM Teachers AS T1 JOIN Classes AS T2 ON T1.teacher_id  =  T2.teacher_id WHERE T2.student_id NOT IN ( SELECT student_id FROM Achievements )
312,489,extra,wrong_column,True,"SELECT t5.event_type_code, t5.event_type_description FROM Detention AS t14 JOIN Ref_Detention_Type AS t8 ON t14.detention_type_code = t8.detention_type_code JOIN Ref_Event_Types AS t5 ON t14.detention","SELECT T1.detention_type_code ,  T2.detention_type_description FROM Detention AS T1 JOIN Ref_Detention_Type AS T2 ON T1.detention_type_code  =  T2.detention_type_code GROUP BY T1.detention_type_code O"
313,490,extra,wrong_column,True,"SELECT t5.event_type_code, t5.event_type_description, t14.detention_summary FROM Detention AS t14 JOIN Ref_Detention_Type AS t8 ON t14.detention_type_code = t8.detention_type_code JOIN Ref_Event_Types","SELECT T1.detention_type_code ,  T2.detention_type_description FROM Detention AS T1 JOIN Ref_Detention_Type AS T2 ON T1.detention_type_code  =  T2.detention_type_code GROUP BY T1.detention_type_code O"
314,491,extra,wrong_table,True,"SELECT Students.bio_data, Classes.class_details FROM Classes JOIN Students ON Classes.student_id = Students.student_id WHERE Classes.teacher_id > (SELECT AVG(teacher_id) FROM Classes)","SELECT T1.bio_data ,  T1.student_details FROM Students AS T1 JOIN Student_Loans AS T2 ON T1.student_id  =  T2.student_id WHERE T2.amount_of_loan  >  ( SELECT avg(amount_of_loan) FROM Student_Loans )"
315,492,extra,wrong_table,True,"SELECT Students.bio_data, Classes.class_details FROM Students JOIN Classes ON Classes.student_id = Students.student_id WHERE Classes.teacher_id > (SELECT AVG(teacher_id) FROM Classes)","SELECT T1.bio_data ,  T1.student_details FROM Students AS T1 JOIN Student_Loans AS T2 ON T1.student_id  =  T2.student_id WHERE T2.amount_of_loan  >  ( SELECT avg(amount_of_loan) FROM Student_Loans )"
316,499,extra,extra_clause,True,"SELECT DISTINCT Teachers.teacher_id, Teachers.teacher_details FROM Classes JOIN Teachers ON Classes.teacher_id = Teachers.teacher_id WHERE Classes.student_id = ( SELECT Transcripts.student_id FROM Tra",SELECT T1.teacher_details FROM Teachers AS T1 JOIN Classes AS T2 ON T1.teacher_id  =  T2.teacher_id JOIN Transcripts AS T3 ON T2.student_id  =  T3.student_id ORDER BY T3.date_of_transcript ASC LIMIT 1
317,500,extra,missing_clause,True,"SELECT DISTINCT Teachers.teacher_details, Classes.class_details FROM Transcripts JOIN Classes ON Classes.student_id = Transcripts.student_id JOIN Teachers ON Teachers.teacher_id = Classes.teacher_id W",SELECT T1.teacher_details FROM Teachers AS T1 JOIN Classes AS T2 ON T1.teacher_id  =  T2.teacher_id JOIN Transcripts AS T3 ON T2.student_id  =  T3.student_id ORDER BY T3.date_of_transcript ASC LIMIT 1
318,507,extra,wrong_table,True,"SELECT Ref_Event_Types.event_type_code, Ref_Event_Types.event_type_description FROM Student_Events JOIN Ref_Event_Types ON Student_Events.event_type_code = Ref_Event_Types.event_type_code GROUP BY Ref","SELECT T1.address_type_code ,  T2.address_type_description FROM Students_Addresses AS T1 JOIN Ref_Address_Types AS T2 WHERE T1.address_type_code  =  T2.address_type_code GROUP BY T1.address_type_code "
319,508,extra,wrong_table,True,"SELECT Ref_Event_Types.event_type_code, Ref_Event_Types.event_type_description FROM Student_Events JOIN Ref_Event_Types ON Student_Events.event_type_code = Ref_Event_Types.event_type_code GROUP BY Ref","SELECT T1.address_type_code ,  T2.address_type_description FROM Students_Addresses AS T1 JOIN Ref_Address_Types AS T2 WHERE T1.address_type_code  =  T2.address_type_code GROUP BY T1.address_type_code "
